timestamp,egt_kelvin,n1_rpm,vibration_g,p3_bar,fuel_flow_kgs,is_anomaly
0.0,779.3889291256082,46835.91010202581,0.7802908372401992,3.659275034712058,0.7227489572265177,0
1.0,694.4402647051945,16749.682015143208,0.21762098118428824,1.321093208842387,0.23276357347220603,0
2.0,813.3104305632528,51715.32658457984,0.7162311511758513,4.200967701290888,0.7608817620263141,0
3.0,805.0030963661017,53765.948658448055,0.982466355476979,2.1099070837233365,0.814373890314313,1
4.0,865.5444308762973,72826.14077996128,1.5229278382897098,7.382132426299144,1.1056851985544163,0
5.0,691.5806290817211,16357.131438718206,0.1890507365167865,1.381509041570155,0.2769739833015536,0
6.0,727.276404349591,29735.995548160627,0.380152167637664,2.0517382439396172,0.47652476587951353,0
7.0,817.9802411258607,63254.527864699274,1.0958941830230207,5.822997039789496,0.9553018933215437,0
8.0,846.1078558589282,63487.73782445895,1.2102232803249435,5.873491087353683,0.9654998793354639,0
9.0,845.5857120345839,64873.8490814271,1.2940642842197094,6.015688164106911,0.9521503241697703,0
10.0,680.2305159969393,16329.094573001485,0.12998161850487688,1.3647824509060904,0.22680200522342367,0
11.0,851.635663692418,66506.59785638597,1.3654863542256679,6.275936310960786,0.9953592114356506,0
12.0,875.0545733842918,71851.50647640662,1.663311392589812,7.231061033364925,1.0440868495787818,0
13.0,947.4645318568529,97595.52810807382,2.654834011740383,9.9038794339996,1.447054994414229,1
14.0,804.8934303638118,51340.98656047672,0.8290734902041761,4.180664320030436,0.730363420115133,0
15.0,773.3484588803783,36189.83947765437,0.47559909852723303,2.5442206975574093,0.5328124512931248,0
16.0,910.224717965947,83690.23226297543,1.983888855023662,9.391377961288578,1.2656188326068987,0
17.0,825.5117407497174,60844.09056283031,1.0927346244446972,5.435798620044869,0.8833910594798123,0
18.0,914.5374332967921,88162.09957678919,2.119680237109409,10.269298425042711,1.3140185871965306,0
19.0,779.4790115912651,43697.28956930838,0.7177683646074505,3.3986530339053105,0.6589508997962624,0
20.0,1073.6167189408545,97601.47703128165,2.5788606921270287,12.447269492922413,1.5132869977189307,1
21.0,797.3283231197034,44331.056082268056,0.7978900041972293,3.246353082961099,0.694572412457464,0
22.0,843.9944197566834,65379.22152974845,1.1996912309125563,6.178722785111401,0.9683069357391276,0
23.0,957.95340530575,98590.96697606165,2.5910988898883716,12.655074405884573,1.4864290369357418,0
24.0,868.2677020961611,74144.08857722496,1.6600867928956564,7.645721459128093,1.0931318936454137,0
25.0,788.1899551692852,44636.608919797,0.45113682745796546,3.4280111839808263,0.6880782609693614,0
26.0,767.0364544613242,32771.08776270566,0.5081234422941835,2.270452217019501,0.4811170868499333,0
27.0,827.3703982714405,58914.05075803622,1.1178759807147343,5.170691182418542,0.8873232208453476,0
28.0,874.6783646393304,74530.41554768555,1.599272075130448,7.724772745838478,1.113421784104296,0
29.0,940.1174066368392,94528.97450878053,2.5442005019666913,11.643382279159805,1.4413072425007187,0
30.0,933.4304604013491,97761.42612420197,2.4799300685526027,12.33778288073174,1.4503578385627767,0
31.0,739.8123699862127,29953.64647757436,0.3859729036992854,2.0665387817541157,0.4270547500770264,0
32.0,883.0208659038489,76279.89356143099,1.4660027358572463,8.109013851992763,1.1471378964306094,0
33.0,845.3026316532413,65139.022042646226,1.302108456930452,6.097665703483452,0.9945285678267625,0
34.0,868.0025631390326,69833.78577259801,1.4586234039797612,6.864874362666057,1.0160905469184178,0
35.0,873.1487630264535,80327.09121603626,1.788796949766651,8.772291069193585,1.2150378742739945,0
36.0,800.5301898132809,43113.77589699367,0.8193530935711989,3.196081254256488,0.6347686918236499,0
37.0,805.3323329609988,56248.789313486835,0.8288121127139094,4.752325560438387,0.8715238962652344,0
38.0,779.1274766519233,40099.70001560979,0.5570660467258958,2.963515103068905,0.5869319152468803,0
39.0,905.0957471892821,40203.36221006287,0.5530282612906182,2.9159248428400275,0.6069573626018826,1
40.0,742.8867620000351,31513.28604852359,0.3795542818607669,2.2081221996464775,0.46451111411642276,0
41.0,857.2325391270517,72122.22150009195,1.4549003911283247,4.734299720270485,1.0937461955374659,1
42.0,787.4914137508267,45616.20451995735,0.6124350509087138,3.4742405523048943,0.6978350227780538,0
43.0,717.2193219724489,22254.53452447028,0.2586560419646282,1.7145143727472738,0.3464963983134144,0
44.0,923.5908543963703,97947.42675431544,2.6170700334249397,12.492348766111965,1.486260068010656,0
45.0,720.0562500320824,21668.792414092604,0.4039596605882715,1.5164290572692558,0.3183418614945701,0
46.0,776.4664814347828,36270.64634399061,0.5693881176488054,2.5286275457362546,0.5624169341009546,0
47.0,904.3852757275473,77721.23791914032,1.8133942319760183,8.185740490122637,1.1561338873297797,0
48.0,892.6889524498765,79416.91938947138,1.8542251766713826,8.535109978797651,1.190063283720835,0
49.0,813.2096200351126,55245.10051634808,0.8382269645688656,4.757045922470265,0.8000736801860086,0
50.0,720.9652553825325,18850.840830623783,0.14525233488743422,1.4975832276335632,0.2829672736797485,0
51.0,738.5388758614993,28849.42630192152,0.34805066177162086,2.015237381789502,0.4250351225915876,0
52.0,857.6060835198026,63915.30511944971,1.0975100072454034,6.021851142947638,0.9196878208012956,0
53.0,796.2660913165478,47818.72421306581,0.7093876443592523,3.746550349920432,0.7074208445028105,0
54.0,695.0406960431935,16978.1145375452,0.3570243030146034,1.3767584221982565,0.24081352615796492,0
55.0,926.8839846377881,89585.1211497995,2.269336367048425,10.602142967163001,1.332573196443053,0
56.0,900.5338425735108,83580.95283771744,1.9581766576460653,9.459814057502319,1.2418828647890452,0
57.0,930.1663059966368,94114.372676303,2.5242564712622313,11.68328899055426,1.427985782864558,0
58.0,938.2057792748328,91716.99706776316,2.3051022719452954,11.14150670991844,1.3695496208845783,0
59.0,701.0052646523606,15921.200375825361,0.250356849915027,1.3220313439382538,0.2507211461461187,0
60.0,799.2934342894745,53117.86936815718,0.7839581502743795,4.456715199130136,0.8126012944016163,0
61.0,896.2301586841421,82117.54213753708,1.7960972445289614,9.1087390999619,1.218219897832814,0
62.0,913.1095946354413,90454.85553445548,2.2133816382745035,10.852143640424835,1.3455483419607526,0
63.0,723.2359481223988,23595.42747043717,0.28849173184105237,-0.8424588782657227,0.35857241080371033,1
64.0,846.1317095082009,64410.9604642765,1.2184704613477662,5.904361931156121,0.9875539660049649,0
65.0,832.607603079074,55941.693976949806,0.8944214972279998,4.728781751080063,0.8156858725652382,0
66.0,774.126426434508,36562.98477921679,0.3427222270303576,2.659819450536521,0.563811560774352,0
67.0,1023.7317546350696,78257.99084018033,1.8072354667151964,8.334712847333043,1.124685995361134,1
68.0,752.7134654676493,34005.64627415348,0.5874464252665585,2.424342143613796,0.5111717056710736,0
69.0,851.1772307084082,68498.88424149732,1.5590209862312054,6.703537148216729,1.063805019427336,0
70.0,705.4795076307767,18862.942329023917,0.3865835609751309,1.3673302390160804,0.2986242631536421,0
71.0,823.5690972998752,54414.364419898484,0.759217631305777,4.4704723404126065,0.8234649954745833,0
72.0,877.0260791665338,73202.14966707974,1.687304541513348,7.47827780672597,1.0953862561273466,0
73.0,705.7946497191592,18843.5869590261,0.26054807347187353,1.453870799600013,0.2607068870140583,0
74.0,945.0845230215979,97442.72381424127,2.6016434095816923,12.284488079140418,1.4436149808403256,0
75.0,711.9696447359834,19791.917215328805,0.32816482579777145,1.558875650616809,0.303127927851891,0
76.0,908.5298475405756,87220.02820757998,1.9419209828790138,10.073370478860165,1.3190102593132038,0
77.0,844.3437705276064,67540.90043892115,1.3100568644819721,6.499244562824466,1.054061485006422,0
78.0,829.3414218126313,59213.89759451944,1.1918959357264043,5.2718717943286855,0.8915302265679547,0
79.0,744.0643349937582,26391.29441830446,4.961907622116418,1.8271179889497615,0.38902324350207895,1
80.0,858.2959267959703,66687.46721106024,1.5170498449311074,6.362221688242465,0.9912360748664605,0
81.0,807.349746965387,53327.38803036888,0.9644335075435094,4.520867738816186,0.804462866874143,0
82.0,816.7408067019132,54044.47867542466,0.9888119792969475,4.441808766834528,0.8347854842762216,0
83.0,847.6616744064261,64270.244430097766,1.0264135123849532,6.086895943051065,0.9420165704518313,0
84.0,878.5074884024249,74301.7437642392,1.4889744559407148,7.687754712782882,1.109819781625443,0
85.0,929.48649119904,97714.37968795886,2.6374356854197005,12.445558123079818,1.486621951179535,0
86.0,719.9394584224465,17703.397926239035,0.5165162539844862,1.4283940555473216,0.2598081669451178,0
87.0,772.9229940585541,43058.45863136321,0.6361467405768074,3.3360496800003254,0.6419324460533776,0
88.0,736.8105933502401,28343.103030876468,0.40439641833976525,2.0169823484319145,0.42652665569032766,0
89.0,906.5959236605366,79596.20975969479,1.8091371308616917,8.63567887825155,1.178252908519156,0
90.0,874.4544548239388,78717.37972072992,1.5831973086856297,8.463394345297571,1.170985299341838,0
91.0,823.2060393209766,62937.03282160109,1.2109364713969308,5.748794932416909,0.9018415019010128,0
92.0,886.1830737954562,70149.94142478396,1.3678518975862972,6.938295166687045,1.085188101579503,0
93.0,823.70616595447,62978.976114424506,1.0780013083545883,5.783921582610204,0.9614795904743217,0
94.0,827.0189445411278,57351.05431715991,1.0028607189990533,4.949660169599999,0.8147068064011875,0
95.0,725.3861863025198,22470.448085912227,0.3407506653239649,1.7086634724499596,0.3355665683580599,0
96.0,860.7449884767093,76068.86802110706,1.9082881651633103,7.935227599018995,1.1509243523594557,0
97.0,882.6987021728623,75430.96070112361,1.5409790452745837,7.933144815325725,1.1367835159039428,0
98.0,724.9015177814575,22419.665265122414,0.3267401641310041,1.6602661642393255,0.3025975361974814,0
99.0,830.8084144842999,53612.77763862347,1.1169816943006146,1.9935267147308302,0.7839393031610914,1
100.0,874.0812359462549,72927.73138903399,1.6737703634535632,7.271562581654948,1.0779780657261002,0
101.0,935.7413905169087,94009.9772610652,2.3490704374849174,11.622780478924842,1.4070361142081365,0
102.0,913.0423646941114,86555.44602445312,2.0317736125107575,9.978833972586795,1.2896805266104043,0
103.0,905.6143022279666,84238.85121966749,2.1815860935668625,9.571977100942714,1.2570622976516554,0
104.0,882.8516117134736,84410.95235508405,1.8804935882813272,9.469711056939431,1.2591340156454347,0
105.0,826.4629732112238,57731.233157860726,1.011313767600933,5.053944617371908,0.8217457911877533,0
106.0,839.3948265002696,68060.22965268933,1.4724241194148957,6.588558652826895,1.012597686512324,0
107.0,832.851241004547,60344.19281798733,1.135177460343642,5.359737883248308,0.8881660048805141,0
108.0,885.4219669782266,78235.43486867755,1.6824300725962598,8.381888914196622,1.1802047651359022,0
109.0,901.7218633384294,84806.87089712109,1.9001749662620102,9.621431758629353,1.2796490733177133,0
110.0,887.8704641412885,76391.46831341063,1.7944778936501997,8.036459462455767,1.1834079409523206,0
111.0,765.3652758544567,44384.15944783315,0.8420928336215875,3.4096626146865154,0.6646506982992882,0
112.0,868.9461269604516,64829.53572142777,1.2636392936614924,6.0619121819572985,0.9869583682993903,0
113.0,922.3325976457572,93412.44740007013,2.4286181680313175,11.578163619948795,1.4280951119241514,0
114.0,872.8972318817185,77597.76002810145,1.6927743983347396,8.241481079269017,1.1858502307909407,0
115.0,795.1656105010933,48915.22982896107,0.7554868203102787,3.833634432301091,0.7006313139971008,0
116.0,916.6635731878434,93187.72739508464,2.241480257058791,11.416953809508223,1.4311963414320574,0
117.0,807.9146459729774,53457.35887127894,0.8871499473984092,4.307382728844167,0.8007744857388278,0
118.0,955.9000052241948,45803.481424913814,0.8371462306153821,3.5171062582431682,0.6649217031988739,1
119.0,731.435449472347,30679.34407060277,0.32351102251391234,2.074331402945916,0.42196508746116107,0
120.0,806.6585249118554,44697.894919193306,0.6421169367178022,3.4647874485871784,0.6625767774231676,0
121.0,772.3295340693033,39993.79773378259,0.7816779250887899,2.855670704505718,0.6558276201734444,0
122.0,887.1794737539061,80055.28389063045,1.7306311328154975,8.709104806530714,1.1971505352512772,0
123.0,937.9943914187821,91281.58483460516,2.29558653559595,10.998952424504377,1.3897095041546652,0
124.0,759.997297195137,36580.52794368086,0.3934487031190258,2.5333368655876742,0.5689148192140444,0
125.0,938.4690008054905,90434.14101364775,2.288680283405209,10.889490899022153,1.3649186069484067,0
126.0,933.0663843661848,95274.82667406824,2.3635700243001025,11.875579304583358,1.4239799546860792,0
127.0,885.9588670474068,77551.8921216602,1.7905749836688132,8.25652435176417,1.1685171340470395,0
128.0,776.0606750979432,43548.59785773598,0.7829741216059563,3.348036965025312,0.6398281839949328,0
129.0,911.0220218170867,88190.78169785133,2.1701508175777833,10.360360401232159,1.3236327557747878,0
130.0,764.2221076813878,30479.106799834575,0.15384356494872836,2.1712581635902874,0.47832910066464485,0
131.0,740.5887208315586,33531.964136997354,0.6664946924524071,2.417422406000741,0.526007969544255,0
132.0,829.9813623864248,60021.24268568189,1.2365531561044365,5.3286246670346165,0.8867338019509596,0
133.0,869.6636592338108,76217.21943874515,1.5613027449944603,7.938548513117645,1.1601471386017645,0
134.0,832.9016136085005,57013.27726175307,1.0383422590407796,4.98381141801055,0.8452890121969063,0
135.0,786.7092793168146,45079.0670077062,0.6857764233542023,3.492767508155192,0.6736937294887236,0
136.0,849.3762315809215,66884.3966956764,1.3738951592072643,6.293487683584769,1.0007880708603347,0
137.0,738.6735364291275,28771.179620784693,0.4302128299842436,1.9823308026359328,0.4775370715464671,0
138.0,801.1925248465916,44880.9136964086,5.13314619049713,3.3829211626925506,0.7192719434005912,1
139.0,887.9732397844721,82950.34971236324,2.0131383800853166,6.681769274440478,1.2671379497377768,1
140.0,946.9725625087302,96778.39678995,2.642528667351113,12.208839342816324,1.452571289191148,0
141.0,901.2353958954877,79463.35518538293,1.8475098246510777,8.63219465270201,1.219310033929592,0
142.0,938.9062239459189,91785.92407406212,2.409028227562681,8.629833900494456,1.36913920076177,1
143.0,937.3251790794695,99945.04746309597,2.9578508747960788,12.963168008941663,1.4919464974512509,0
144.0,742.1527257729124,31370.917361778585,0.3496528630201634,-0.2731944843453338,0.48639674338513456,1
145.0,762.3190214533855,42123.54022567673,0.6937014946377857,3.0901469256616894,0.6574116399699141,0
146.0,715.7915708701715,20555.288967910103,0.11266151650715595,1.487494643387301,0.3292002527043826,0
147.0,907.4296900859725,90308.10860007591,2.2974389658166343,10.835335354217998,1.3555619732636135,0
148.0,961.7049076919157,99824.39939533369,2.6228844996467617,12.945399978691915,1.447673759348289,0
149.0,900.9694608661841,89262.55470583879,2.0160910181538014,10.530732875766885,1.354811479427189,0
150.0,775.3674912675631,45142.88339946601,0.6043787846216273,3.3617719908859622,0.6529953343590627,0
151.0,748.9975108741253,33551.580468530454,0.3988686536823225,2.4793364000938385,0.4899957687570235,0
152.0,959.4190288087653,99249.333221643,2.824718392013954,12.755018157046008,1.4902192576061164,0
153.0,756.7777514809637,33741.327770964905,0.4223322502945936,2.3543741873809014,0.5027576186519678,0
154.0,916.631407981908,90121.80022189119,2.1131276981074043,10.799121975523734,1.3727976220985199,0
155.0,895.9853395093097,84345.81562420251,1.9081921470353465,9.667928754225992,1.2839440003943705,0
156.0,714.7037932854339,22776.381178809163,0.38807092251623215,1.6626912026623617,0.3633179107602469,0
157.0,699.6961539278344,22393.87459246986,0.19963737477293234,1.6589877849438792,0.3168944430589413,0
158.0,722.6143953649156,21888.928352150077,0.21369861651798028,1.4139097798486673,0.3109294604393809,0
159.0,918.5323943487851,85097.88210363768,1.897230770417885,9.621009632846338,1.2857192026075162,0
160.0,907.6736019362725,82781.21183658889,1.955350750674777,9.256555719418063,1.256018317824856,0
161.0,882.9404309734531,74285.07424188912,1.7327369439048361,7.602467139902389,1.1238873557765516,0
162.0,913.6168658890613,89106.69985834471,2.101645091183356,10.50652773552014,1.3464996082264011,0
163.0,904.937078903531,85731.40512640806,2.0378099313549183,9.873736224731772,1.256183215703135,0
164.0,863.6454920800269,68704.14979641681,1.2450402086178376,6.752068926374047,1.0348348554348223,0
165.0,894.4423386859855,79687.37171267238,1.7923147076467154,8.693541749773667,1.1664806907288134,0
166.0,722.8954389365283,23713.326879207736,0.38143170275778165,1.6784676262980327,0.34760658672197514,0
167.0,694.0748143647297,20724.801124845595,0.4038808415224233,1.5044142646124887,0.3134280708200196,0
168.0,946.910709808117,97746.56238007874,2.5360170755493603,12.4717166281972,1.425493630888671,0
169.0,852.2303855152712,73080.10701155294,1.4945262225353808,7.360348980071994,1.092646798743546,0
170.0,883.1074994685481,73962.98919142653,1.6986853250019909,7.566507885234516,1.086505665296729,0
171.0,789.7578680069525,50676.82193872039,1.0080487657970174,4.139662765108544,0.7560209857121793,0
172.0,750.0837616643978,33113.89984213208,0.4511923304156535,2.3763615730698366,0.48984898106592856,0
173.0,944.5860176922248,97296.44137275135,2.5436437323906715,12.408302781623968,1.4738974221970718,0
174.0,879.6174299150342,79687.03923015491,1.8198306316079598,8.695489153896274,1.2051336797927135,0
175.0,728.6633675688078,24971.19606180353,0.2801502064994271,1.693359199472271,0.3682459835583224,0
176.0,695.4592324791963,20457.759651386397,0.36110008874208893,1.483493664180004,0.32678143950442307,0
177.0,696.2328888895964,15987.745892188554,0.19508603566827074,1.4433435955694631,0.22989886482268262,0
178.0,875.9416948731999,74073.46032075612,1.6196065973658411,7.596044179813849,1.0996818104185502,0
179.0,930.7417418632991,35573.82634831483,0.5141139713205327,2.557840984205268,0.5692398970332299,1
180.0,824.5446952378954,59005.48968770047,1.0022135285215519,5.140896375447646,0.879460339457788,0
181.0,865.1017772321748,73604.52237666759,6.111664706709956,7.584118628986133,1.1225605093082691,1
182.0,836.8966811178326,67411.3894583103,1.4221866240708574,6.529414377021172,1.022358026049221,0
183.0,825.0356969406506,56173.86804379345,1.1865302901232027,4.867178062675498,0.8518907138613678,0
184.0,703.1731725256451,18464.099017860186,0.1637788425704094,1.4546216217975998,0.30830854530709095,0
185.0,801.6402989283359,55738.70892898442,1.0821372731062324,4.824740419454328,0.8320000223151451,0
186.0,810.6420212584744,51860.703386293055,0.6726420045843162,4.198270409138312,0.7776395598334466,0
187.0,737.7962326027531,33747.695618397476,0.44770967683266205,2.362857215096347,0.5132505278078364,0
188.0,804.8918184422091,50352.126122489964,0.936968150690215,4.099093078114168,0.7706443685400437,0
189.0,859.477348496227,61180.54448587951,1.1769865961215638,5.500528282566123,0.9102448636439286,0
190.0,853.4173476998927,65806.50304674846,1.3959786382606993,6.1457339885939035,0.9561219492509827,0
191.0,915.6725304381835,86059.83542140281,1.9798450231941267,9.983403750795963,1.2600891578832614,0
192.0,913.9779845533493,46692.134161059425,0.7828957349380846,3.623820171237418,0.6856629740318908,1
193.0,786.2085756025376,52850.946675226565,0.9218256240023804,4.307088674955884,0.7991486669723094,0
194.0,950.2730734436092,97400.04739849943,2.4471157023975145,12.452509102390009,1.4468391336536086,0
195.0,926.74537999013,97434.7888316763,2.5461449216183576,12.300487813474025,1.4666053103200685,0
196.0,811.3655606388304,51625.439511253506,0.7270968674637224,4.169303831120219,0.7847948810794867,0
197.0,712.8220039679038,18117.07128935115,0.404307159514546,1.4675993907893856,0.2699656171353092,0
198.0,841.2322783018124,64755.12097372393,1.2862790417744177,3.528526791801964,0.9603078523165505,1
199.0,905.4301552724993,34646.127556349966,0.45232052407329737,2.422231475780541,0.5089571425404192,1
200.0,833.508152962565,58114.95873851336,1.0789859548845768,5.115718620507915,0.8137992735138265,0
201.0,876.1322138416318,71683.46189141888,1.3806390844720724,7.209861145739331,1.05418361710781,0
202.0,712.7069929193436,22981.560842100564,0.5234411700714712,1.6372484464488366,0.3490720700951029,0
203.0,910.2235879117038,86239.79962008937,2.0958218598749143,10.057934425477711,1.2924446183606686,0
204.0,851.5607447224814,63501.828464300525,1.3268235851334,5.883915173072797,0.9296673287098982,0
205.0,864.0907637979708,70354.80304852682,1.362021992997314,6.949551057066749,1.0618972939339721,0
206.0,910.6454111254462,81502.76614495325,1.906028652471132,8.97203323537019,1.2418232355400658,0
207.0,871.2103140172127,71745.4377729047,1.5569692345375246,7.175011234302888,1.1036957028598027,0
208.0,723.9225908766664,25217.76970650172,0.3605418820006857,1.721309336419427,0.34946552794563995,0
209.0,862.4302142113519,74114.7125686383,1.3579086434225962,7.57264065557377,1.0852588926614246,0
210.0,730.0851121623168,21221.653520317708,0.4135713534683666,1.5190227765048092,0.36337351891165176,0
211.0,890.1560234920797,88383.36021360515,2.3819988479210443,10.317463411839277,1.2928424282649393,0
212.0,844.9113776004592,60356.21647178467,1.1671091287024686,5.414185157229981,0.9224115582523761,0
213.0,857.2385944803399,16549.76952749074,0.2965928602502028,1.346883900893267,0.2469946803543706,1
214.0,812.5235740502202,55730.574502706,0.9337417653435989,4.7631611671882075,0.8828995672080446,0
215.0,956.6072607382329,94016.49958086909,2.507664902351162,11.632635092334214,1.4006592565366744,0
216.0,944.9792771345476,98021.64528631921,2.733500978636194,12.515875424407508,1.4805954934580585,0
217.0,889.0926366728075,82439.61694256616,1.88403841815117,9.145467050451627,1.2596409063133225,0
218.0,749.0980911589056,24545.869274953628,0.39193057799439635,1.7649641453709792,0.3914016890382469,0
219.0,788.7621051348303,45665.66412440098,0.7478786028155043,3.4345129161714647,0.6924864001596702,0
220.0,886.004865718085,77216.43574477894,1.7798208533189068,8.197187449379593,1.1718666609465151,0
221.0,798.6344626690529,51035.30909763067,0.7925449834856133,4.134510377318467,0.7873950545736585,0
222.0,729.8697046779033,30167.907044360632,0.35352096207701883,2.1330601761552126,0.4287197045980955,0
223.0,862.8337529695883,68721.31631173557,1.2257017019465521,6.649252544778305,1.0687496323386247,0
224.0,883.6514029669466,76583.93236888254,1.786681476158882,8.085183245218913,1.1432897006041416,0
225.0,773.855372131512,37516.11301512234,0.7234348673802968,2.6175880117434653,0.5376791994628141,0
226.0,864.7602243150093,67458.24158862999,1.3161603389589527,6.447691538909128,1.0159821957548794,0
227.0,781.0389662844941,38047.5321025157,0.648961296354415,2.7378122042826485,0.5399522673824267,0
228.0,693.3505387635303,19448.804441853208,0.1615996683304315,1.466293279205323,0.2940000678932502,0
229.0,856.133229016676,64340.37557091734,1.3043616140462113,5.96427889967493,0.9413104027291181,0
230.0,904.3604542013329,84853.54773159238,2.0383923377382,9.607489529876071,1.2671596043933808,0
231.0,708.7598897812891,16702.24025369508,4.846150815222666,1.3864131557253445,0.22743000878261757,1
232.0,712.4520369534457,22575.576729861412,0.36358182471383055,1.6497747999336532,0.3502815701476025,0
233.0,693.5149536514583,18073.63234460478,0.19268943635332914,1.3697730379439734,0.2663268702117398,0
234.0,827.7385843882636,62073.19046055198,1.0031683137178153,5.744484326902694,0.9084687964952312,0
235.0,931.9580095777402,93148.31772322547,2.3689972230831504,11.405688819502997,1.4065042115068513,0
236.0,720.2875593982235,24891.143820265468,0.4715225348939639,1.7849048991301752,0.38535903956961187,0
237.0,703.7552890916486,21878.139059356436,0.2843616365025782,1.5355547666228304,0.3544334562021208,0
238.0,856.1964144495595,69482.62657435323,1.426716741122895,6.929646356598105,1.0362365929274486,0
239.0,714.3266636153803,29861.283317135065,4.929319739027646,2.064449844450805,0.42807298443630404,1
240.0,822.977049488029,58019.142161973825,1.0346761296593443,5.031861405869405,0.8763210351285281,0
241.0,930.0562653998392,94598.17978011115,2.500466034405985,11.754031411715996,1.4143586884377577,0
242.0,780.2352165684418,47849.17149852751,0.8002187093958959,3.7564979183342793,0.6881318905137634,0
243.0,846.9869904417715,67657.30886964494,1.1702796751337965,6.470557412933947,1.0319488455805679,0
244.0,886.5743255478238,73787.53472339213,1.69597807673159,7.5098700335031285,1.0919472207915826,0
245.0,748.8122919731695,29768.970631295033,0.46408080915938593,2.120283873403817,0.4600058623331595,0
246.0,865.5929131236987,70596.44260661985,1.2285823015539727,6.927781471746881,1.0574495713806007,0
247.0,935.1027560598727,96924.89341599983,2.509666953176428,12.354794005264718,1.4461927576823945,0
248.0,873.2239544072347,72882.86031525079,1.40861814090099,7.434055501348811,1.0833674931737918,0
249.0,731.8288902270351,31902.78361090015,0.37822275431802155,2.2338393269752572,0.5229101826457967,0
250.0,740.3790839215114,27685.21112576497,0.2677881599319405,1.9549054171448623,0.43939670303880635,0
251.0,797.974898221879,48353.46632992033,0.7114462301493067,3.8087790130476615,0.7177068481492002,0
252.0,765.4118997139187,36509.96678806668,0.5841112436751467,2.4909875312757714,0.5457033380455597,0
253.0,901.6381011850586,34291.99902105595,0.5916001350234965,2.4226236628771174,0.5195643456827044,1
254.0,896.2135365240009,78427.61688595629,1.7952597353218211,8.272374195665,1.1801296031310797,0
255.0,941.7461453462339,99285.01475397329,2.783831726124818,12.904218683042776,1.445212012093082,0
256.0,704.5421775147438,20840.59076405276,0.2941094907201083,1.5816216782594987,0.3133059189886267,0
257.0,750.9864556179831,34366.605491164344,0.48352580733083583,2.428918365912189,0.5269852511842348,0
258.0,776.4342636943095,42388.31779279341,0.5424907126839239,3.1672845670786427,0.6155204988289967,0
259.0,817.0595861077031,59265.29205590808,1.1145210511984642,5.186397938048837,0.8930133920369522,0
260.0,824.1286865481163,61757.81493894326,1.1166089819971985,5.605585271698396,0.9230395574969824,0
261.0,809.3676260748788,57164.06628779036,1.1304811202749996,4.916777663108147,0.8684504901668301,0
262.0,860.9230018490053,69066.01491703512,1.552440837644967,6.793377232053801,1.0200023422322984,0
263.0,827.1853023426112,60862.27874211793,1.157459540180801,5.427955100780848,0.9184015160512073,0
264.0,815.2985129462785,56513.50105551987,0.90442905894439,4.919437303171357,0.8377885809789991,0
265.0,852.6715288509947,67014.94295367313,1.2371199878267007,6.393272596173509,1.025574962637232,0
266.0,843.2672312483237,62433.5976376622,1.2514416754004747,5.672779342471902,0.9487088520770278,0
267.0,906.4178464792577,89784.40130506479,2.3231050689378057,10.724447011246696,1.3584437454634781,0
268.0,877.276108080894,73470.14933979278,1.3281429762001806,7.550280160403866,1.1037138503825328,0
269.0,915.0718471199187,85777.83989449867,2.15167695712173,9.874117437512457,1.296173310203878,0
270.0,820.1468942450521,57674.26814651801,0.9374213498240507,5.065122424430708,0.8774947661634959,0
271.0,726.2050256525808,26714.94642853501,0.3372394752379819,1.797198163039155,0.36749860656246985,0
272.0,819.7010797129217,58359.32556240014,5.581797195116957,5.136686101976689,0.855522319324325,1
273.0,844.775551636335,65946.36208134938,1.2937900525094264,6.286220931434535,0.9607757399987851,0
274.0,877.8637172131631,74110.33010788453,1.5237092629388582,7.488604117451674,1.1190465036720176,0
275.0,876.170491052892,77517.97655144069,1.571121899648662,8.262499023432593,1.1804139639209466,0
276.0,738.6045277264295,29745.806312606364,0.6482897764003279,2.1020316792039577,0.4273187843889279,0
277.0,888.5787979691247,78513.6649580732,1.6034297422233348,8.446174217674095,1.2112159222419878,0
278.0,867.0718864589378,74302.00333920639,1.4501067494034467,7.567934988094868,1.058405707898125,0
279.0,1093.1172516895767,94675.03000834848,2.5836434752938997,11.77402884569314,1.42304468231949,1
280.0,725.5377283638022,28507.194251895053,0.43334422101076614,2.026496162857568,0.45214657825611193,0
281.0,711.5827534060879,20861.431390295802,0.28843245489530817,1.4913400542445947,0.2963838637736398,0
282.0,917.7701272239566,36211.42698720802,0.4474989660444398,2.6611553617878525,0.5377489327872689,1
283.0,913.8285019503326,87512.6179893103,2.0657164280928235,10.105755636948373,1.3283636454759458,0
284.0,890.315363970248,80607.90672543782,1.8007087395582047,8.827725992459486,1.242916470014093,0
285.0,931.5424940948184,89981.5272139751,2.1864773873984458,10.756133480786222,1.3748100455810808,0
286.0,949.2454652440198,98261.82143244933,2.5435192355492924,12.571598605261865,1.452646636782718,0
287.0,928.2629962598936,95498.05895779145,2.4635518750144025,11.980355030685134,1.4707651304868317,0
288.0,763.1101000916902,34329.80714821721,0.2662191289602124,2.43920821394156,0.5435335924775153,0
289.0,750.3010763001245,34222.49938514497,0.607823919133178,2.43862821675017,0.4956571816859904,0
290.0,718.6466579629209,23292.81337034048,0.4475650831539043,1.621935189577103,0.36945322674833087,0
291.0,724.2674372533006,24514.553796830078,0.34806030315623554,1.7334758757069448,0.3968654781178716,0
292.0,933.2224760469525,89131.5345019105,2.213575718065601,10.56419774416451,1.3202266359420298,0
293.0,761.011531537116,36716.9342957264,0.6009116239639933,2.6491215318631376,0.5825148975572876,0
294.0,706.17934378907,23002.91236068432,0.2400963971080047,1.7111896913549114,0.3357803880808355,0
295.0,802.04914242619,53394.22963469303,0.8922079121510851,4.366262361949488,0.7956577767407462,0
296.0,731.6855172373201,22993.06887691264,0.2614397700617789,1.6002483071856415,0.32241800381638774,0
297.0,745.4260945784948,31646.469069888106,0.5460604390754036,2.315790700092374,0.4380892134101386,0
298.0,859.3246433333245,67145.21678432998,1.2999288341463238,6.424542302460812,0.9815147032063537,0
299.0,717.0735999235942,17837.606151842403,0.20008899556620607,1.3672816532973793,0.28644988512128167,0
300.0,933.184345824371,97259.24955378805,2.6790789203389176,12.36377961978291,1.4649512025386573,0
301.0,883.8211829417086,76640.77158232822,1.5912149887522222,8.036464292276587,1.1607853930555887,0
302.0,930.644317951294,97743.87814797471,2.4875505999165695,12.491474310682603,1.4808009834893232,0
303.0,761.193956942248,36617.36840015692,0.546486703401112,2.5408001418253203,0.5524917862711536,0
304.0,711.2470861948148,22410.25476570565,0.48965954263885403,1.6281233495333822,0.3445832904831028,0
305.0,870.9520107290894,67171.08059933441,1.1656973924754526,6.467130039743722,1.019939487739629,0
306.0,756.5878610276288,36587.8643386221,0.4671218097297758,2.642884138701344,0.5286867452575734,0
307.0,711.2885206729785,21177.024086851387,0.25269891242077525,1.5343606435314532,0.3263099332853745,0
308.0,707.437426170864,20822.95956329326,0.45279857780109123,1.55044539388015,0.3167457861087333,0
309.0,909.478559986686,83628.66257889586,1.9830560757669784,9.327459300544076,1.2258693220214225,0
310.0,789.9282600591401,47437.01488871201,5.161193796246385,3.708438305208716,0.7397894108493093,1
311.0,936.2040389821738,93036.5069369278,2.32039926869927,11.425605237538825,1.3903566705022388,0
312.0,890.8968410741209,83417.07603152229,2.0482003550296954,9.336292116122822,1.2674172964384574,0
313.0,877.3808726890574,24569.333185014646,0.5347314009685777,1.7262092606689217,0.36155366185285576,1
314.0,911.8124800447222,85085.45868739774,2.1626561819635937,9.682587217563455,1.2921695486705496,0
315.0,952.7938242683261,99067.41045976478,2.878876642022853,12.764980650001968,1.5019125892325875,0
316.0,766.8169806254942,37761.0174165084,0.6957896059914408,2.662776655346611,0.5821370740624483,0
317.0,821.3513988501372,56511.84346354979,1.16931323621001,4.789285008982925,0.8454788976458433,0
318.0,751.3519936486707,29010.09740447477,0.3832439903051402,2.092981188576303,0.4573325420257533,0
319.0,745.7570458698038,34905.677979316286,0.41151346937959105,2.492747995960263,0.5231894633854449,0
320.0,799.8396246349594,49592.612318912434,0.767901581247353,3.9545477511576292,0.7499824213576481,0
321.0,832.8330826907955,53289.55064091455,0.8592830012076874,4.294859793892839,0.7703444560233932,0
322.0,857.2613499730871,65223.73250803853,1.275645620403761,6.093713986861244,0.9938648970358397,0
323.0,801.9038044556505,52275.771525682016,0.7488986323243658,4.263268656901169,0.8012108337988868,0
324.0,832.5116163176473,60185.95449137662,1.2048333626589671,5.3566154266392445,0.8909838077034538,0
325.0,751.9326850865707,29042.33484371726,0.33992927450004173,2.0423408969657273,0.4510129699202484,0
326.0,877.5445065519178,72341.66749787837,5.910433689482671,7.333515410415811,1.0958284818891575,1
327.0,771.2207481714735,36819.0094063539,0.5981450555271114,2.6062548433119,0.5576332807424177,0
328.0,833.0917027191547,61714.61082138221,1.2379616078218094,5.640155852605814,0.9094710623409379,0
329.0,867.8443797766208,69918.17487543036,1.4526697724325217,6.88204019149342,1.0997092887604283,0
330.0,721.5005373498019,24837.696567689956,0.32249323342429853,1.8198673453162546,0.387801524077085,0
331.0,909.5689479692219,85466.50726636674,2.2162245273774377,9.736630933195269,1.279940068113668,0
332.0,1071.3828735866139,92361.44412648141,2.394507541560939,11.31655391667955,1.382604974641104,1
333.0,889.9878421490723,73861.89026688415,1.489347359243097,7.512502065285496,1.0860366232122034,0
334.0,814.1176603598658,52945.65889413448,0.9496798942044323,4.285925958447614,0.7803211468672889,0
335.0,805.5054329054524,46549.65599219834,0.8196742909720398,3.563905265303431,0.727885289755291,0
336.0,795.140938761746,51594.99376928764,0.8224951819540239,4.209930984487633,0.7706980223062788,0
337.0,780.348003283861,43951.35415940979,0.6115549974844019,3.38658095703418,0.6356021886258162,0
338.0,806.885279185876,45990.466896790895,0.6825711594810648,1.0488491540659255,0.6669237091614453,1
339.0,812.9647666325814,60212.580054562386,0.961291372962662,5.321755940492024,0.8943163347280947,0
340.0,724.0250928635942,26054.061513446788,0.4767930534705788,1.8038382633415773,0.34507656373739193,0
341.0,940.0682843160821,99562.92771004234,7.187694131898483,12.854568659622823,1.5000407147231019,1
342.0,834.8919419946842,61019.646624544745,1.0128200245870893,5.559717461067036,0.9203037475227267,0
343.0,796.6785242639587,52437.51477655605,0.8000822755766027,4.249558805447085,0.7692619371213609,0
344.0,846.8299675474366,62405.25023125373,0.9911314094162745,5.677705158387307,0.9139154628449899,0
345.0,822.5875647270753,56556.31570235837,1.0896007085710315,4.9493747785978455,0.8708919003988708,0
346.0,795.4586818371928,48586.70817746708,0.7333964744587181,3.769575789495857,0.7336191226077956,0
347.0,929.5697887695901,92303.64192966557,2.5069022483963077,11.218866622734058,1.3901570567243724,0
348.0,764.0745519421947,38440.24330136534,0.45215391538176636,2.7855091749985377,0.58441410747178,0
349.0,830.6459744230798,65042.17938116219,1.1733470156613257,6.121571484971312,0.9611273111582115,0
350.0,852.5347085843204,58458.414287063846,1.0273746970837638,5.173561254149002,0.8701382577942878,0
351.0,852.9079428132551,63749.96087372373,1.1955688798818043,5.883106297411883,0.9763207443095216,0
352.0,874.351726734185,68260.36344292287,1.3407278632979593,6.651970679007395,1.0459285668887888,0
353.0,782.7997669202523,40448.6250115929,0.5558671226078089,2.9315920227603796,0.5930501851379115,0
354.0,691.9040043196804,15753.379234644857,0.3477039497902027,1.336554882436457,0.25061385341483067,0
355.0,894.0951487346099,79041.37339184238,1.8801300595776926,8.539271610008345,1.1946137190101527,0
356.0,709.3917887677812,22531.40068742272,0.3245132184262378,-0.9598165116366344,0.30531984225149894,1
357.0,845.9957700186785,61676.078583559676,1.3390281820016228,5.541930560796588,0.931864379678916,0
358.0,745.1088716545123,35589.65351508818,0.509511293621129,2.5820138311887737,0.5585590375122995,0
359.0,899.2411847050994,88389.06518284515,2.077401739850384,7.8646885424389605,1.3118813020766449,1
360.0,822.845611819759,55497.143839222284,0.8460574040924846,4.71191620068691,0.8380046963474981,0
361.0,829.9983271693766,70064.48290919492,5.945642895808587,6.993863677474985,1.0757461706967126,1
362.0,765.1263047020307,35564.19282682001,0.5721478604553127,2.542603261251693,0.5608570679616958,0
363.0,724.0453414542477,27144.456713849995,0.4731970158290359,1.8055187781227697,0.40660517339589036,0
364.0,849.2753123851772,68512.40423579761,5.875025281679545,6.693494259975281,1.0070286789652232,1
365.0,818.8747144205624,54692.27999690691,0.9304227086560991,4.594022127637908,0.8233761495150748,0
366.0,924.5548668804921,88656.57844867239,2.180136994345721,10.439368988097202,1.3426736845966536,0
367.0,926.2698246849924,94587.29808737832,2.470862131341684,11.753025784812806,1.4077120370552598,0
368.0,901.8594142881157,86761.13970449456,2.1229214250951514,10.073499188238772,1.2942164532743212,0
369.0,769.82459849531,38667.349701286934,0.4933932758663301,2.919253447956974,0.571804616799884,0
370.0,697.4739137956549,23908.68552479363,0.33988914421795563,1.6952986182372316,0.38086465422238824,0
371.0,853.914238313111,68926.05234935961,1.4204421502817641,6.605725118444473,1.0606632199282033,0
372.0,793.5708631816301,46548.73725678805,0.8046556486897694,3.6706131000418494,0.7096936999056708,0
373.0,710.8932242681707,18054.787368332032,0.26505219268278235,1.422778850372423,0.2590718542255456,0
374.0,854.8765394105881,19436.88346882259,0.4909176145420381,1.4259412475241857,0.29463959456506444,1
375.0,860.2226395344464,19937.81592682973,0.199160380404889,1.5270610219895804,0.28880296757301427,1
376.0,932.3553658938494,92440.83973522761,2.4176345759014586,11.224416224026639,1.4105193183884706,0
377.0,769.1724768520113,37667.391716268095,0.5914469687397585,2.7101434525655104,0.5552389241041681,0
378.0,802.3456524531441,53668.1056081449,0.8481420560954519,4.431161230323207,0.8077366617205268,0
379.0,786.1625326257104,46257.36031843434,0.606158301377542,3.520378494891216,0.6682550365892563,0
380.0,761.4892428650359,33977.38776794169,0.6805158092051291,2.492473548365362,0.5253870707167344,0
381.0,924.4087028059508,89736.6847619427,2.4075284528343865,10.694767753879976,1.3691150430000452,0
382.0,750.9299001129754,32603.068045008553,4.980733178493203,2.2575553457667046,0.5371935723537526,1
383.0,864.7275896306311,64487.74458029965,1.2829649685362652,6.045403532602041,1.0069477520007988,0
384.0,754.9536379241996,32423.402809779396,0.6076054060489771,2.2176753906914413,0.46756292647068054,0
385.0,840.6812606707284,59817.5403777968,1.1462889117935648,5.299195102713708,0.9055923345620749,0
386.0,834.0539067407882,60799.10576836762,1.085824474203032,5.471317966183375,0.915956292912285,0
387.0,752.7066023271212,34571.32826039375,0.4444069978440432,2.4989912496066276,0.5028563319736663,0
388.0,938.0901051167531,95671.05168676174,2.529416161817346,11.931161437826695,1.4388989931361218,0
389.0,837.4469085203124,62674.32938582249,1.294341823473025,5.741766839152768,0.953874279829658,0
390.0,924.9635890669725,99573.4163926329,2.738541250488159,12.872753892209106,1.4997987915811566,0
391.0,827.5171333649735,57350.0600424382,1.010994963791538,4.884350626282842,0.862673838673571,0
392.0,924.3872245666571,93147.92938867718,2.3118755209648656,11.451601171050353,1.4124066996163407,0
393.0,878.3291206772072,74356.44836434368,1.5700499578980405,7.643045985799507,1.1233832425458352,0
394.0,881.5629937108959,80712.56854428463,1.7536485395373154,8.904715878994898,1.2062770788146526,0
395.0,892.772806541155,79904.22085365867,1.9016377587618838,8.697793565894354,1.2094937654243207,0
396.0,830.8580254891785,61919.175680261294,1.2053566588807247,5.683163395660557,0.9301095463970349,0
397.0,766.5195090575999,35893.63234102301,0.5003108524189446,2.5586634088695233,0.5507050889907916,0
398.0,810.4843434198323,55931.693923447616,1.0062822332339139,4.681790411500658,0.8305245866436134,0
399.0,960.5196642542195,99357.59459685622,2.47636618305172,12.915627929247334,1.4848899970281955,0
400.0,923.5973255145433,89575.2270374471,2.2716827660510597,10.66353663354678,1.32632939252909,0
401.0,809.9200287532699,51667.35514579635,1.0375844123420546,4.125196660980395,0.7597774090641845,0
402.0,740.4644223446218,27224.219776759164,0.3700695375775545,1.886591834621659,0.43042591077278225,0
403.0,906.0311689466403,84968.67061025304,2.1032339674104064,9.643794512766904,1.2586761735100742,0
404.0,847.3414277028169,65473.21086881732,1.2400295001419033,6.086801873234495,0.9634728114379345,0
405.0,805.7710309605256,54100.20362436791,1.053046148040017,4.528357400015512,0.8377107484089181,0
406.0,710.2626728078866,18859.278924838865,0.2709670541170667,1.4874580892351073,0.2387379093667777,0
407.0,843.8246096144367,65186.64263492893,1.207092427145749,6.068837023044294,0.9907119490073288,0
408.0,707.5229213936249,15857.701568567101,0.24661406194644392,1.3701095594942077,0.21972032259328406,0
409.0,806.9767818037585,50355.23188945768,0.9735971648415969,4.013082268949883,0.7368579705064906,0
410.0,787.979657160236,43642.00168598381,0.6010434720972088,3.2399656804879315,0.6574703335348617,0
411.0,802.0223498011453,50229.92582084418,0.6558393576908562,4.079418507375781,0.7255422127876068,0
412.0,788.6820600221579,45745.371663064354,0.772307263516167,3.532767619261062,0.6649943225236105,0
413.0,863.607251576108,75221.62428688777,1.5964725762234648,7.789229311073794,1.1327319959590774,0
414.0,909.8210238462725,87290.0872546712,2.0981020560247305,10.188561976025818,1.2870742468280454,0
415.0,732.6867011027616,25104.32325005112,0.4716700346138894,1.850979204686112,0.3336975022680196,0
416.0,793.6869702622887,56012.53572000565,0.998760344206975,4.757927399699373,0.8461850548354998,0
417.0,852.5967427506217,67352.5128325213,1.6264258079456455,6.471953674575197,1.0471372733791637,0
418.0,802.739360713941,51515.6552039655,0.6686309568307374,4.218662532774036,0.7666757172997962,0
419.0,852.7823640090909,72557.95505890227,6.117656108827936,7.330912185006654,1.1154261493773996,1
420.0,866.4623352536488,68114.2984665949,1.3860144670224788,6.562005329753336,1.0245822463457686,0
421.0,758.0526308243172,39448.78196871265,0.4537845711194036,2.8043297192671393,0.6139854970304882,0
422.0,792.7964686908138,49384.827773778925,0.6389795078021571,1.3838072350975348,0.7654886490068227,1
423.0,786.6775182815744,47422.488520131476,0.7962290410465804,3.7452449309807476,0.7245657834836391,0
424.0,951.786985352064,99180.75146986161,2.64239601893509,12.837431459499706,1.4868645588839595,0
425.0,835.1238467053537,61561.69902258215,1.1853273200618892,5.577867709528375,0.8976751048175463,0
426.0,829.2613534994788,59174.86234603116,1.0052823642576625,5.3002793475323555,0.8900078017763852,0
427.0,826.9755803644557,61716.532825114315,1.1958000970789442,5.524420958282453,0.932645932541713,0
428.0,730.082289400133,20808.398911876357,0.2454590448747654,1.488289642666203,0.3103024990077741,0
429.0,849.5669902304152,69538.71225032513,1.5544141836065564,6.733005852103563,1.0858118663309315,0
430.0,827.3290455839883,64602.34222260958,1.2603098382477598,6.014460698448311,0.9488955438702108,0
431.0,755.3139942957623,33112.2257382087,0.6041022780070979,2.303532339339367,0.49385118987001425,0
432.0,794.0269266583127,47777.14859358008,0.8429228320952684,3.790082383085188,0.7458393720497407,0
433.0,749.4902182499064,33246.768437665625,0.686904609521003,2.29769892490751,0.5221300535202618,0
434.0,720.0002530181782,22165.61174196478,0.3526141953944839,1.6052782489770068,0.3594174925862075,0
435.0,951.6854000745828,99682.29435461453,2.531698418137906,12.997846947795628,1.5159584519618523,0
436.0,852.0373399444361,70589.4978488831,1.257975013115757,7.015469141527956,1.0318514907697591,0
437.0,797.5928955600593,46637.03330514363,0.7104360523931765,3.616313121443232,0.6514086154374756,0
438.0,898.9291319873989,81875.40778535583,1.6270393738254278,9.106177281630043,1.2130742213926229,0
439.0,741.6214861171009,32528.47943215189,0.5719522548329687,2.261702612883433,0.5151795320145457,0
440.0,857.6566724523294,69226.11232820278,1.5252695552532256,6.706024354178205,1.0406641740729283,0
441.0,816.934695021672,50648.11699169259,0.8413500646247566,4.026702550710224,0.7682637012112221,0
442.0,794.2146780784518,49648.79292827074,0.8131936434668271,3.9369556132908303,0.7266962621900447,0
443.0,705.3034938564899,15976.860230339802,0.24795334799982124,1.3214362023299349,0.21957508187072022,0
444.0,943.9060756526002,95115.16113920991,2.557502443148154,11.858826229901464,1.4520858597547865,0
445.0,695.9896816678448,15676.974403363345,0.3394174312398095,1.2267746526909464,0.24222323338017843,0
446.0,715.6489547077467,21514.04355039615,0.32828349968978393,1.5992099203341381,0.3114071806238227,0
447.0,842.1138223774537,68738.41080908568,1.303188270316724,6.6460361733952915,1.0092352461472658,0
448.0,710.0514201807687,21599.465959046407,0.41994608396898514,1.6452236618848268,0.3261154887806262,0
449.0,759.2795771760032,44306.42070617499,0.5852468817378272,3.2525891786160903,0.6432823162455161,0
450.0,765.5143027298215,47708.307463793775,0.7273503902415367,3.775277444880762,0.7238392252222885,0
451.0,900.0479913245852,82101.73650659125,1.7013231011691796,9.052420721968447,1.1958719527299082,0
452.0,922.9593126676768,89941.31099828058,2.1342164951765494,10.671679819941478,1.353308603620137,0
453.0,769.2217424442528,41435.21205227783,0.5631449958507766,3.0299160086492525,0.5970128244490154,0
454.0,840.4475699757166,63612.53732730106,1.2338821400013107,5.895684778890811,0.9615193750533785,0
455.0,792.4524036696818,50008.50293548716,0.8900214279281977,4.040530004385499,0.7109587131896146,0
456.0,701.9775883597633,16882.025415173503,0.30139274708131775,1.3928864821892757,0.253080073942187,0
457.0,934.8377338513972,98337.0234729816,2.6207826905184013,12.654658714843533,1.4972311197442314,0
458.0,942.9908739004908,95872.57244168289,2.6313225692413633,12.06380341327333,1.45536618305862,0
459.0,928.0930742073289,90277.67996055073,2.1434503850008144,10.81056201599899,1.36570571594163,0
460.0,897.5639068216652,78974.25499610606,1.749295205034853,8.480049884894475,1.1791158497838785,0
461.0,843.8698058815687,60184.07872587442,5.60991816900346,5.338797919381942,0.852166856676007,1
462.0,941.1386309996088,47965.217642939155,0.8692351402658988,3.798602769521323,0.7203636241110697,1
463.0,953.2007726127302,98445.12411429704,2.3314933712653403,12.605190689000832,1.4748046135287867,0
464.0,841.2932815677331,66714.7595498015,1.4584226480006142,6.331402886685327,0.9981231975874088,0
465.0,943.0697186434883,93989.51419227505,2.3680467800136538,11.59435778415583,1.4308823119683125,0
466.0,702.7149319026917,23106.586193209983,0.5154425165821797,1.7140247874169292,0.40160093688976484,0
467.0,874.4422193815914,72585.24025999519,1.425353399678126,7.414242399674127,1.0667557981403764,0
468.0,789.7587656314274,48214.18794801915,0.7122041973933717,3.7394470480923343,0.7630090013051577,0
469.0,928.3008077017566,87469.72116975913,2.1383638095831454,10.156708535743233,1.2780416226960338,0
470.0,780.9306970114812,47828.0193894476,0.8071925834791316,3.809719583615129,0.723127187650579,0
471.0,883.5006323322591,76569.27453801088,1.8266208680666485,7.996409977521357,1.1533476156069389,0
472.0,809.1312420825029,53315.98413034093,0.9649864978411673,4.505646385405997,0.8481355966153232,0
473.0,887.3990205473716,78599.79066321114,1.5913589667568155,8.419210680473645,1.2048043949733316,0
474.0,868.0910706884412,70650.27140528543,1.5007044935968947,7.020247525574327,1.0591969599717348,0
475.0,885.8693663940808,80761.31801613158,1.8760990280638943,8.830398828205928,1.1816750928870488,0
476.0,810.6873832958813,50295.48264839344,0.8679978314641434,4.030788159241518,0.7828426665916746,0
477.0,821.7264798005433,58707.08840079383,1.2249159758519845,5.115352892943888,0.8861107517870641,0
478.0,926.7365710623119,84080.65769091027,1.8497589237416805,9.442645243256596,1.2380147764216114,0
479.0,919.4270864165314,90795.4235422334,2.370889972871633,10.853983994466436,1.3841985632523797,0
480.0,807.9534084975661,58489.036021081556,0.9024847842879111,5.084868131198754,0.8739525168013569,0
481.0,873.526510484427,77305.30766841004,1.7348941767641008,8.266910025908656,1.1970579634467513,0
482.0,805.5771065546681,47225.850961929995,0.6068630574517673,3.663716844536124,0.7527881391174152,0
483.0,819.7980379087928,57002.55200422003,1.1247852836600385,4.912474643832616,0.8693455589993132,0
484.0,916.7543549531716,85790.71165887144,2.0045178065906772,9.819085799002027,1.2899294944021569,0
485.0,944.3847170337374,97811.05060230427,2.5168957915195582,12.53091628941588,1.4791503979768235,0
486.0,747.9932713132964,32354.157529300654,4.9082665771300835,2.3010184101963524,0.483974712170367,1
487.0,909.2127637380734,81223.71984364187,1.9347207639648278,8.950494473304202,1.2276215682569902,0
488.0,806.3678443303471,60554.48170243005,1.0870505676555042,5.425280401845762,0.8852969438640607,0
489.0,947.4881725974636,93311.13853810291,7.034044116340745,11.438072011876532,1.3966503238402097,1
490.0,725.8798841016063,22188.05713826522,0.3492041383059205,1.6203689833184496,0.3488044334720863,0
491.0,913.3995007141601,88354.73066550413,2.1728274756086265,10.336092312491216,1.3452411331703353,0
492.0,952.1822037834935,99765.22149180622,2.6957524816194858,10.516344131122558,1.4940760495128658,1
493.0,822.393636675937,52008.459924937524,0.7756387089047472,4.242614265833132,0.7932540478866487,0
494.0,884.3622927113561,82099.80086265478,1.8549596804527377,9.067528491773832,1.2307327923903952,0
495.0,726.3992520374145,21359.80244157271,0.060321430478765425,1.5399199009102438,0.3107160438958503,0
496.0,736.8754728310466,33675.07718326904,0.3535132778951492,2.4163664486599825,0.5351375851282889,0
497.0,809.9609687274877,55672.16988175676,1.0756478195603008,4.738090511244992,0.833061772688713,0
498.0,961.4369202813729,98659.93243492689,2.5585312405467246,12.650340765835447,1.4522299161625303,0
499.0,785.681659053873,44500.30132244858,0.697163940999694,0.8353784063430636,0.6792873070172881,1
