Altitude_ft,ISA_Deviation_K,N2_RPM,Degradation_Index,Fuel_Flow_kgs,P2_Pa,T2_K,P3_Pa,T3_K,W3_kgs,P4_Pa,T4_K,P5_Pa,T5_K,P9_Pa,T9_K,Mach_9,Stall_Margin
0.0,-20.0,20000.0,0.0,0.16428571428571428,101325.0,268.15,124074.40362089084,273.6367097096821,0.5772362100187584,119111.42747605519,1328.5714,17866.714121408277,1261.2499867396139,101325.0,1261.2499867396139,0.0,0.7761407769361026
0.0,-20.0,28000.0,0.0,0.21000000000000002,101325.0,268.15,166892.70266548416,281.87066158595894,1.0870173903729754,160216.9945588648,1420.0,24032.54918382972,1249.6302409067446,101325.0,1249.6302409067446,0.0,0.8267182900905599
0.0,-20.0,33000.0,0.0,0.2385714285714286,101325.0,268.15,193654.71233484184,286.0941298938051,1.4865617606226706,185908.52384144816,1477.1428,27886.278576217224,1251.586076342231,101325.0,1251.586076342231,0.0,0.8487929997866832
0.0,-20.0,35000.0,0.0,0.25,101325.0,268.15,204359.42946233967,287.6375680734568,1.663809514225606,196185.05228384607,1500.0,29427.75784257691,1253.680747078686,101325.0,1253.680747078686,0.0,0.8561757269681696
0.0,-20.0,20000.0,0.2,0.16428571428571428,101325.0,268.15,124074.24394232113,273.63667449376123,0.5772354671395711,119111.27418462829,1328.5714,17866.69112769424,1261.7902701510986,101325.0,1261.7902701510986,0.0,0.7706363612463816
0.0,-20.0,28000.0,0.2,0.21000000000000002,101325.0,268.15,166892.70266548416,281.87066158595894,1.0870173903729754,160216.9945588648,1420.0,24032.54918382972,1250.9736523494305,101325.0,1250.9736523494305,0.0,0.822457264437049
0.0,-20.0,33000.0,0.2,0.2385714285714286,101325.0,268.15,193654.71233484184,286.0941298938051,1.4865617606226706,185908.52384144816,1477.1428,27886.278576217224,1253.3495286957118,101325.0,1253.3495286957118,0.0,0.8450747948634049
0.0,-20.0,35000.0,0.2,0.25,101325.0,268.15,204359.42946233967,287.6375680734568,1.663809514225606,196185.05228384607,1500.0,29427.75784257691,1255.6005591108633,101325.0,1255.6005591108633,0.0,0.8526390645165671
0.0,-20.0,20000.0,0.5,0.16428571428571428,101325.0,268.15,124074.24394232113,273.63667449376123,0.5772354671395711,119111.27418462829,1328.5714,17866.69112769424,1262.6002482064537,101325.0,1262.6002482064537,0.0,0.76185222188986
0.0,-20.0,28000.0,0.5,0.21000000000000002,101325.0,268.15,166892.70266548416,281.87066158595894,1.0870173903729754,160216.9945588648,1420.0,24032.54918382972,1252.9898707454786,101325.0,1252.9898707454786,0.0,0.8156577554154892
0.0,-20.0,33000.0,0.5,0.2385714285714286,101325.0,268.15,193654.71233484184,286.0941298938051,1.4865617606226706,185908.52384144816,1477.1428,27886.278576217224,1255.996597378725,101325.0,1255.996597378725,0.0,0.8391414891347694
0.0,-20.0,35000.0,0.5,0.25,101325.0,268.15,204359.42946233967,287.6375680734568,1.663809514225606,196185.05228384607,1500.0,29427.75784257691,1258.4825117271923,101325.0,1258.4825117271923,0.0,0.8469954542214568
0.0,-20.0,20000.0,0.8,0.16428571428571428,101325.0,268.15,124074.24394232113,273.63667449376123,0.5772354671395711,119111.27418462829,1328.5714,17866.69112769424,1263.4104386850324,101325.0,1263.4104386850324,0.0,0.7523684608146775
0.0,-20.0,28000.0,0.8,0.21000000000000002,101325.0,268.15,166892.70266548416,281.87066158595894,1.0870173903729754,160216.9945588648,1420.0,24032.54918382972,1255.0074106199509,101325.0,1255.0074106199509,0.0,0.8083166925780529
0.0,-20.0,33000.0,0.8,0.2385714285714286,101325.0,268.15,193654.27872931067,286.09406583539896,1.4865584321125276,185908.10758013822,1477.1428,27886.216137020732,1258.6466258418332,101325.0,1258.6466258418332,0.0,0.8327360282374651
0.0,-20.0,35000.0,0.8,0.25,101325.0,268.15,204359.42946233967,287.6375680734568,1.663809514225606,196185.05228384607,1500.0,29427.75784257691,1261.3671458251974,101325.0,1261.3671458251974,0.0,0.8409023528408953
0.0,0.0,20000.0,0.0,0.16428571428571428,101325.0,288.15,124074.22204138791,294.0458935804086,0.5568427157821069,119111.25315973238,1328.5714,17866.687973959855,1261.2504598582948,101325.0,1261.2504598582948,0.0,0.7626804899435112
0.0,0.0,28000.0,0.0,0.21000000000000002,101325.0,288.15,166892.64904485375,302.894009048887,1.048614780395659,160216.9430830596,1420.0,24032.54146245894,1249.6303433180562,101325.0,1249.6303433180562,0.0,0.8152438346932264
0.0,0.0,33000.0,0.0,0.2385714285714286,101325.0,288.15,193654.6222260258,307.4324806750083,1.4340436941017447,185908.43733698476,1477.1428,27886.265600547715,1251.586224517893,101325.0,1251.586224517893,0.0,0.8384684591518529
0.0,0.0,35000.0,0.0,0.25,101325.0,288.15,204359.32783225738,309.0910353105316,1.6050295010776565,196184.95471896708,1500.0,29427.743207845062,1253.680905564157,101325.0,1253.680905564157,0.0,0.846266325063797
0.0,0.0,20000.0,0.2,0.16428571428571428,101325.0,288.15,124074.22204138791,294.0458935804086,0.5568427157821069,119111.25315973238,1328.5714,17866.687973959855,1261.790326763393,101325.0,1261.790326763393,0.0,0.7568447642863844
0.0,0.0,28000.0,0.2,0.21000000000000002,101325.0,288.15,166892.64904485375,302.894009048887,1.048614780395659,160216.9430830596,1420.0,24032.54146245894,1250.973753977903,101325.0,1250.973753977903,0.0,0.8107006503004368
0.0,0.0,33000.0,0.2,0.2385714285714286,101325.0,288.15,193654.203939148,307.43241427065607,1.4340405966186784,185908.03578158206,1477.1428,27886.205367237308,1253.3503584373864,101325.0,1253.3503584373864,0.0,0.834496762290375
0.0,0.0,35000.0,0.2,0.25,101325.0,288.15,204359.32783225738,309.0910353105316,1.6050295010776565,196184.95471896708,1500.0,29427.743207845062,1255.6007164162227,101325.0,1255.6007164162227,0.0,0.8424859887948739
0.0,0.0,20000.0,0.5,0.16428571428571428,101325.0,288.15,124074.22204138791,294.0458935804086,0.5568427157821069,119111.25315973238,1328.5714,17866.687973959855,1262.6003041400893,101325.0,1262.6003041400893,0.0,0.7475324361101182
0.0,0.0,28000.0,0.5,0.21000000000000002,101325.0,288.15,166892.64904485375,302.894009048887,1.048614780395659,160216.9430830596,1420.0,24032.54146245894,1252.9899711983246,101325.0,1252.9899711983246,0.0,0.8034508879715173
0.0,0.0,33000.0,0.5,0.2385714285714286,101325.0,288.15,193654.203939148,307.43241427065607,1.4340405966186784,185908.03578158206,1477.1428,27886.205367237308,1255.9974177016115,101325.0,1255.9974177016115,0.0,0.8281583404206447
0.0,0.0,35000.0,0.5,0.25,101325.0,288.15,204359.32783225738,309.0910353105316,1.6050295010776565,196184.95471896708,1500.0,29427.743207845062,1258.4826672593724,101325.0,1258.4826672593724,0.0,0.8364535373019116
0.0,0.0,20000.0,0.8,0.16428571428571428,101325.0,288.15,124074.22204138791,294.0458935804086,0.5568427157821069,119111.25315973238,1328.5714,17866.687973959855,1263.410493939644,101325.0,1263.410493939644,0.0,0.7374784180791053
0.0,0.0,28000.0,0.8,0.21000000000000002,101325.0,288.15,166892.64904485375,302.894009048887,1.048614780395659,160216.9430830596,1420.0,24032.54146245894,1255.0075098955285,101325.0,1255.0075098955285,0.0,0.7956237109438344
0.0,0.0,33000.0,0.8,0.2385714285714286,101325.0,288.15,193654.203939148,307.43241427065607,1.4340405966186784,185908.03578158206,1477.1428,27886.205367237308,1258.6467451316375,101325.0,1258.6467451316375,0.0,0.8213150884904934
0.0,0.0,35000.0,0.8,0.25,101325.0,288.15,204358.8560634586,309.09096395599175,1.6050257958239345,196184.50182092024,1500.0,29427.675273138037,1261.3680133173132,101325.0,1261.3680133173132,0.0,0.8299410539231958
0.0,15.0,20000.0,0.0,0.16428571428571428,101325.0,303.15,124074.20705837049,309.35280778226394,0.5428914875284789,119111.23877603567,1328.5714,17866.68581640535,1261.2504988976823,101325.0,1261.2504988976823,0.0,0.7528203213316975
0.0,15.0,28000.0,0.0,0.21000000000000002,101325.0,303.15,166892.61236154207,318.6615194339699,1.0223425300797886,160216.9078670804,1420.0,24032.536180062056,1249.6304133804063,101325.0,1249.6304133804063,0.0,0.8067545660439167
0.0,15.0,33000.0,0.0,0.2385714285714286,101325.0,303.15,193654.15277319337,323.4361753383077,1.3981117468227786,185907.98666226564,1477.1428,27886.197999339845,1251.5869964913259,101325.0,1251.5869964913259,0.0,0.8308045887204472
0.0,15.0,35000.0,0.0,0.25,101325.0,303.15,204359.25830440075,325.18113540329773,1.5648165358795847,196184.8879722247,1500.0,29427.733195833705,1253.6810139883635,101325.0,1253.6810139883635,0.0,0.838902813089384
0.0,15.0,20000.0,0.2,0.16428571428571428,101325.0,303.15,124074.20705837049,309.35280778226394,0.5428914875284789,119111.23877603567,1328.5714,17866.68581640535,1261.7903654933934,101325.0,1261.7903654933934,0.0,0.7467421325119852
0.0,15.0,28000.0,0.2,0.21000000000000002,101325.0,303.15,166892.61236154207,318.6615194339699,1.0223425300797886,160216.9078670804,1420.0,24032.536180062056,1250.9738235046916,101325.0,1250.9738235046916,0.0,0.8020026291433573
0.0,15.0,33000.0,0.2,0.2385714285714286,101325.0,303.15,193654.15277319337,323.4361753383077,1.3981117468227786,185907.98666226564,1477.1428,27886.197999339845,1253.3504419443937,101325.0,1253.3504419443937,0.0,0.8266440458201303
0.0,15.0,35000.0,0.2,0.25,101325.0,303.15,204358.79835546092,325.18106221509413,1.564813013964223,196184.4464212425,1500.0,29427.666963186373,1255.6015359540945,101325.0,1255.6015359540945,0.0,0.8349418125314628
0.0,15.0,20000.0,0.5,0.16428571428571428,101325.0,303.15,124074.20705837049,309.35280778226394,0.5428914875284789,119111.23877603567,1328.5714,17866.68581640535,1262.6003424058008,101325.0,1262.6003424058008,0.0,0.7370428950337208
0.0,15.0,28000.0,0.5,0.21000000000000002,101325.0,303.15,166892.61236154207,318.6615194339699,1.0223425300797886,160216.9078670804,1420.0,24032.536180062056,1252.9900399208352,101325.0,1252.9900399208352,0.0,0.7944197511105497
0.0,15.0,33000.0,0.5,0.2385714285714286,101325.0,303.15,193654.15277319337,323.4361753383077,1.3981117468227786,185907.98666226564,1477.1428,27886.197999339845,1255.997500260691,101325.0,1255.997500260691,0.0,0.820004881617497
0.0,15.0,35000.0,0.5,0.25,101325.0,303.15,204358.79835546092,325.18106221509413,1.564813013964223,196184.4464212425,1500.0,29427.666963186373,1258.483477559236,101325.0,1258.483477559236,0.0,0.8286204351390507
0.0,15.0,20000.0,0.8,0.16428571428571428,101325.0,303.15,124074.20705837049,309.35280778226394,0.5428914875284789,119111.23877603567,1328.5714,17866.68581640535,1263.4105317408173,101325.0,1263.4105317408173,0.0,0.7265711519155946
0.0,15.0,28000.0,0.8,0.21000000000000002,101325.0,303.15,166892.61236154207,318.6615194339699,1.0223425300797886,160216.9078670804,1420.0,24032.536180062056,1255.0075778126377,101325.0,1255.0075778126377,0.0,0.7862329270397309
0.0,15.0,33000.0,0.8,0.2385714285714286,101325.0,303.15,193654.15277319337,323.4361753383077,1.3981117468227786,185907.98666226564,1477.1428,27886.197999339845,1258.6468267410235,101325.0,1258.6468267410235,0.0,0.8128369344252734
0.0,15.0,35000.0,0.8,0.25,101325.0,303.15,204358.79835546092,325.18106221509413,1.564813013964223,196184.4464212425,1500.0,29427.666963186373,1261.3681006236066,101325.0,1261.3681006236066,0.0,0.8217955852109599
0.0,35.0,20000.0,0.0,0.16428571428571428,101325.0,323.15,124074.18872769871,329.76202658065273,0.5258231390197398,119111.22117859076,1328.5714,17866.683176788614,1261.2505466596451,101325.0,1261.2505466596451,0.0,0.7399757990038203
0.0,35.0,28000.0,0.0,0.21000000000000002,101325.0,323.15,166892.56748208503,339.684866356428,0.9902002818188705,160216.86478280163,1420.0,24032.529717420242,1249.6304990968,101325.0,1249.6304990968,0.0,0.795587688462671
0.0,35.0,33000.0,0.0,0.2385714285714286,101325.0,323.15,193654.09017524178,344.774523114158,1.3541553323767679,185907.9265682321,1477.1428,27886.188985234814,1251.5870994282698,101325.0,1251.5870994282698,0.0,0.8206894295925387
0.0,35.0,35000.0,0.0,0.25,101325.0,323.15,204358.72775378008,346.6345262227785,1.515615512199402,196184.37864362888,1500.0,29427.656796544332,1253.6818413493675,101325.0,1253.6818413493675,0.0,0.8291752719336951
0.0,35.0,20000.0,0.2,0.16428571428571428,101325.0,323.15,124074.18872769871,329.76202658065273,0.5258231390197398,119111.22117859076,1328.5714,17866.683176788614,1261.7904128768425,101325.0,1261.7904128768425,0.0,0.7335817612744059
0.0,35.0,28000.0,0.2,0.21000000000000002,101325.0,323.15,166892.56748208503,339.684866356428,0.9902002818188705,160216.86478280163,1420.0,24032.529717420242,1250.9739085658632,101325.0,1250.9739085658632,0.0,0.7905611562117532
0.0,35.0,33000.0,0.2,0.2385714285714286,101325.0,323.15,193654.09017524178,344.774523114158,1.3541553323767679,185907.9265682321,1477.1428,27886.188985234814,1253.3505441093891,101325.0,1253.3505441093891,0.0,0.8162801532710439
0.0,35.0,35000.0,0.2,0.25,101325.0,323.15,204358.72775378008,346.6345262227785,1.515615512199402,196184.37864362888,1500.0,29427.656796544332,1255.6016452334047,101325.0,1255.6016452334047,0.0,0.8249746638664909
0.0,35.0,20000.0,0.5,0.16428571428571428,101325.0,323.15,124074.18872769871,329.76202658065273,0.5258231390197398,119111.22117859076,1328.5714,17866.683176788614,1262.6003892212252,101325.0,1262.6003892212252,0.0,0.7233785095785321
0.0,35.0,28000.0,0.5,0.21000000000000002,101325.0,323.15,166892.56748208503,339.684866356428,0.9902002818188705,160216.86478280163,1420.0,24032.529717420242,1252.990123998029,101325.0,1252.990123998029,0.0,0.7825400941092245
0.0,35.0,33000.0,0.5,0.2385714285714286,101325.0,323.15,193654.09017524178,344.774523114158,1.3541553323767679,185907.9265682321,1477.1428,27886.188985234814,1255.9976012659633,101325.0,1255.9976012659633,0.0,0.8092440740346157
0.0,35.0,35000.0,0.5,0.25,101325.0,323.15,204358.72775378008,346.6345262227785,1.515615512199402,196184.37864362888,1500.0,29427.656796544332,1258.483585606726,101325.0,1258.483585606726,0.0,0.8182715658869097
0.0,35.0,20000.0,0.8,0.16428571428571428,101325.0,323.15,124074.18872769871,329.76202658065273,0.5258231390197398,119111.22117859076,1328.5714,17866.683176788614,1263.4105779879112,101325.0,1263.4105779879112,0.0,0.7123626095175002
0.0,35.0,28000.0,0.8,0.21000000000000002,101325.0,323.15,166892.56748208503,339.684866356428,0.9902002818188705,160216.86478280163,1420.0,24032.529717420242,1255.0076609044793,101325.0,1255.0076609044793,0.0,0.7738801863525122
0.0,35.0,33000.0,0.8,0.2385714285714286,101325.0,323.15,193654.09017524178,344.774523114158,1.3541553323767679,185907.9265682321,1477.1428,27886.188985234814,1258.646926584412,101325.0,1258.646926584412,0.0,0.8016475991067906
0.0,35.0,35000.0,0.8,0.25,101325.0,323.15,204358.72775378008,346.6345262227785,1.515615512199402,196184.37864362888,1500.0,29427.656796544332,1261.3682074367653,101325.0,1261.3682074367653,0.0,0.8110345928470079
10000.0,-20.0,20000.0,0.0,0.16428571428571428,69680.54869120053,248.33799999999997,85325.05896216043,253.41929751999137,0.2836679893359216,81912.056603674,1328.5714,12286.8084905511,1261.250395203176,69680.54869120053,1261.250395203176,0.0,0.7898420700557461
10000.0,-20.0,28000.0,0.0,0.21000000000000002,69680.54869120053,248.33799999999997,114770.95043565021,261.0449047758026,0.5341873152347615,110180.1124182242,1420.0,16527.01686273363,1249.630475024001,69680.54869120053,1249.630475024001,0.0,0.8382640119297577
10000.0,-20.0,33000.0,0.0,0.2385714285714286,69680.54869120053,248.33799999999997,133174.66517378323,264.9562597054243,0.7305315969693478,127847.67856683189,1477.1428,19177.151785024784,1251.5871067670125,69680.54869120053,1251.5871067670125,0.0,0.8591419102645219
10000.0,-20.0,35000.0,0.0,0.25,69680.54869120053,248.33799999999997,140536.16758836075,266.3856546769279,0.8176351511289699,134914.72088482633,1500.0,20237.208132723947,1253.681865940995,69680.54869120053,1253.681865940995,0.0,0.8660970574246983
10000.0,-20.0,20000.0,0.2,0.16428571428571428,69680.54869120053,248.33799999999997,85325.05896216043,253.41929751999137,0.2836679893359216,81912.056603674,1328.5714,12286.8084905511,1261.7902626206658,69680.54869120053,1261.7902626206658,0.0,0.7846742521062973
10000.0,-20.0,28000.0,0.2,0.21000000000000002,69680.54869120053,248.33799999999997,114770.79766560612,261.04487002845116,0.5341866041848865,110179.96575898187,1420.0,16526.994863847278,1250.9743057210194,69680.54869120053,1250.9743057210194,0.0,0.834287137939337
10000.0,-20.0,33000.0,0.2,0.2385714285714286,69680.54869120053,248.33799999999997,133174.66517378323,264.9562597054243,0.7305315969693478,127847.67856683189,1477.1428,19177.151785024784,1253.350551393097,69680.54869120053,1253.350551393097,0.0,0.8556781867464364
10000.0,-20.0,35000.0,0.2,0.25,69680.54869120053,248.33799999999997,140536.16758836075,266.3856546769279,0.8176351511289699,134914.72088482633,1500.0,20237.208132723947,1255.6016696419188,69680.54869120053,1255.6016696419188,0.0,0.8628043621154696
10000.0,-20.0,20000.0,0.5,0.16428571428571428,69680.54869120053,248.33799999999997,85325.05896216043,253.41929751999137,0.2836679893359216,81912.056603674,1328.5714,12286.8084905511,1262.6002407662945,69680.54869120053,1262.6002407662945,0.0,0.7764277341018576
10000.0,-20.0,28000.0,0.5,0.21000000000000002,69680.54869120053,248.33799999999997,114770.79766560612,261.04487002845116,0.5341866041848865,110179.96575898187,1420.0,16526.994863847278,1252.9905165589385,69680.54869120053,1252.9905165589385,0.0,0.827940687902971
10000.0,-20.0,33000.0,0.5,0.2385714285714286,69680.54869120053,248.33799999999997,133174.66517378323,264.9562597054243,0.7305315969693478,127847.67856683189,1477.1428,19177.151785024784,1255.9976084669902,69680.54869120053,1255.9976084669902,0.0,0.8501509683665126
10000.0,-20.0,35000.0,0.5,0.25,69680.54869120053,248.33799999999997,140536.16758836075,266.3856546769279,0.8176351511289699,134914.72088482633,1500.0,20237.208132723947,1258.4836097401019,69680.54869120053,1258.4836097401019,0.0,0.8575500610901046
10000.0,-20.0,20000.0,0.8,0.16428571428571428,69680.54869120053,248.33799999999997,85324.98049223001,253.4192742140563,0.2836677284580317,81911.98127254081,1328.5714,12286.797190881121,1263.4107192171355,69680.54869120053,1263.4107192171355,0.0,0.7675246452871664
10000.0,-20.0,28000.0,0.8,0.21000000000000002,69680.54869120053,248.33799999999997,114770.79766560612,261.04487002845116,0.5341866041848865,110179.96575898187,1420.0,16526.994863847278,1255.0080488647263,69680.54869120053,1255.0080488647263,0.0,0.8210887683946823
10000.0,-20.0,33000.0,0.8,0.2385714285714286,69680.54869120053,248.33799999999997,133174.66517378323,264.9562597054243,0.7305315969693478,127847.67856683189,1477.1428,19177.151785024784,1258.646933702604,69680.54869120053,1258.646933702604,0.0,0.8441835290536747
10000.0,-20.0,35000.0,0.8,0.25,69680.54869120053,248.33799999999997,140536.16758836075,266.3856546769279,0.8176351511289699,134914.72088482633,1500.0,20237.208132723947,1261.3682312944422,69680.54869120053,1261.3682312944422,0.0,0.8518772759122769
10000.0,0.0,20000.0,0.0,0.16428571428571428,69680.54869120053,268.33799999999997,85325.04440828167,273.8285171742146,0.2728919812948974,81912.0426319504,1328.5714,12286.80639479256,1261.2504503457983,69680.54869120053,1261.2504503457983,0.0,0.7760128853358494
10000.0,0.0,28000.0,0.0,0.21000000000000002,69680.54869120053,268.33799999999997,114770.76933126347,282.0682159168533,0.5138938401019707,110179.93855801292,1420.0,16526.99078370194,1249.6309780040822,69680.54869120053,1249.6309780040822,0.0,0.8266100281064275
10000.0,0.0,33000.0,0.0,0.2385714285714286,69680.54869120053,268.33799999999997,133174.6175583157,286.2946076508278,0.7027799793344961,127847.63285598306,1477.1428,19177.144928397458,1251.587220625249,69680.54869120053,1251.587220625249,0.0,0.8486959748136157
10000.0,0.0,35000.0,0.0,0.25,69680.54869120053,268.33799999999997,140536.11388481528,287.83911875409774,0.7865746063451611,134914.66932942267,1500.0,20237.2003994134,1253.6819877213106,69680.54869120053,1253.6819877213106,0.0,0.8560826993543627
10000.0,0.0,20000.0,0.2,0.16428571428571428,69680.54869120053,268.33799999999997,85324.96891927485,273.82849294797336,0.27289173986100557,81911.97016250386,1328.5714,12286.795524375579,1261.7906010771346,69680.54869120053,1261.7906010771346,0.0,0.770505225096464
10000.0,0.0,28000.0,0.2,0.21000000000000002,69680.54869120053,268.33799999999997,114770.76933126347,282.0682159168533,0.5138938401019707,110179.93855801292,1420.0,16526.99078370194,1250.974383812345,69680.54869120053,1250.974383812345,0.0,0.822346340272979
10000.0,0.0,33000.0,0.2,0.2385714285714286,69680.54869120053,268.33799999999997,133174.6175583157,286.2946076508278,0.7027799793344961,127847.63285598306,1477.1428,19177.144928397458,1253.3506643974838,69680.54869120053,1253.3506643974838,0.0,0.8449753840303439
10000.0,0.0,35000.0,0.2,0.25,69680.54869120053,268.33799999999997,140536.11388481528,287.83911875409774,0.7865746063451611,134914.66932942267,1500.0,20237.2003994134,1255.6017905154351,69680.54869120053,1255.6017905154351,0.0,0.8525437493384863
10000.0,0.0,20000.0,0.5,0.16428571428571428,69680.54869120053,268.33799999999997,85324.96891927485,273.82849294797336,0.27289173986100557,81911.97016250386,1328.5714,12286.795524375579,1262.6005751654031,69680.54869120053,1262.6005751654031,0.0,0.7617160635044137
10000.0,0.0,28000.0,0.5,0.21000000000000002,69680.54869120053,268.33799999999997,114770.76933126347,282.0682159168533,0.5138938401019707,110179.93855801292,1420.0,16526.99078370194,1252.9905937469123,69680.54869120053,1252.9905937469123,0.0,0.8155425830919442
10000.0,0.0,33000.0,0.5,0.2385714285714286,69680.54869120053,268.33799999999997,133174.6175583157,286.2946076508278,0.7027799793344961,127847.63285598306,1477.1428,19177.144928397458,1255.9977201886109,69680.54869120053,1255.9977201886109,0.0,0.8390382710783145
10000.0,0.0,35000.0,0.5,0.25,69680.54869120053,268.33799999999997,140536.11388481528,287.83911875409774,0.7865746063451611,134914.66932942267,1500.0,20237.2003994134,1258.4837292511056,69680.54869120053,1258.4837292511056,0.0,0.8468964886748539
10000.0,0.0,20000.0,0.8,0.16428571428571428,69680.54869120053,268.33799999999997,85324.96891927485,273.82849294797336,0.27289173986100557,81911.97016250386,1328.5714,12286.795524375579,1263.4107616747622,69680.54869120053,1263.4107616747622,0.0,0.7522268801926426
10000.0,0.0,28000.0,0.8,0.21000000000000002,69680.54869120053,268.33799999999997,114770.76933126347,282.0682159168533,0.5138938401019707,110179.93855801292,1420.0,16526.99078370194,1255.0081251480867,69680.54869120053,1255.0081251480867,0.0,0.8081969337460482
10000.0,0.0,33000.0,0.8,0.2385714285714286,69680.54869120053,268.33799999999997,133174.4125690761,286.2945635828547,0.7027788975786426,127847.43606631306,1477.1428,19177.11540994696,1258.6475195794076,69680.54869120053,1258.6475195794076,0.0,0.83262857207335
10000.0,0.0,35000.0,0.8,0.25,69680.54869120053,268.33799999999997,140536.11388481528,287.83911875409774,0.7865746063451611,134914.66932942267,1500.0,20237.2003994134,1261.3683494401557,69680.54869120053,1261.3683494401557,0.0,0.8407994461884543
10000.0,15.0,20000.0,0.0,0.16428571428571428,69680.54869120053,283.33799999999997,85324.96105605297,289.1354069117675,0.26557001591332496,81911.96261381084,1328.5714,12286.794392071626,1261.250766156032,69680.54869120053,1261.250766156032,0.0,0.7658861690594951
10000.0,15.0,28000.0,0.0,0.21000000000000002,69680.54869120053,283.33799999999997,114770.75007955088,297.8357251707026,0.5001059641922607,110179.92007636884,1420.0,16526.988011455327,1249.6310314718023,69680.54869120053,1249.6310314718023,0.0,0.817988677882367
10000.0,15.0,33000.0,0.0,0.2385714285714286,69680.54869120053,283.33799999999997,133174.58520608395,302.2983683710827,0.6839242041779129,127847.60179784059,1477.1428,19177.14026967609,1251.5872979860242,69680.54869120053,1251.5872979860242,0.0,0.8409420656284042
10000.0,15.0,35000.0,0.0,0.25,69680.54869120053,283.33799999999997,140536.07739605202,303.92921655537594,0.7654705886608619,134914.63430020993,1500.0,20237.19514503149,1253.6820704647287,69680.54869120053,1253.6820704647287,0.0,0.8486415592138747
10000.0,15.0,20000.0,0.2,0.16428571428571428,69680.54869120053,283.33799999999997,85324.96105605297,289.1354069117675,0.26557001591332496,81911.96261381084,1328.5714,12286.794392071626,1261.7906306337204,69680.54869120053,1261.7906306337204,0.0,0.7601292715773516
10000.0,15.0,28000.0,0.2,0.21000000000000002,69680.54869120053,283.33799999999997,114770.75007955088,297.8357251707026,0.5001059641922607,110179.92007636884,1420.0,16526.988011455327,1250.9744368713543,69680.54869120053,1250.9744368713543,0.0,0.8135129896335728
10000.0,15.0,33000.0,0.2,0.2385714285714286,69680.54869120053,283.33799999999997,133174.58520608395,302.2983683710827,0.6839242041779129,127847.60179784059,1477.1428,19177.14026967609,1253.350741178112,69680.54869120053,1253.350741178112,0.0,0.8370308049471354
10000.0,15.0,35000.0,0.2,0.25,69680.54869120053,283.33799999999997,140536.07739605202,303.92921655537594,0.7654705886608619,134914.63430020993,1500.0,20237.19514503149,1255.6018726427303,69680.54869120053,1255.6018726427303,0.0,0.8449196303420848
10000.0,15.0,20000.0,0.5,0.16428571428571428,69680.54869120053,283.33799999999997,85324.96105605297,289.1354069117675,0.26557001591332496,81911.96261381084,1328.5714,12286.794392071626,1262.6006043676693,69680.54869120053,1262.6006043676693,0.0,0.7509427330420161
10000.0,15.0,28000.0,0.5,0.21000000000000002,69680.54869120053,283.33799999999997,114770.75007955088,297.8357251707026,0.5001059641922607,110179.92007636884,1420.0,16526.988011455327,1252.990646192141,69680.54869120053,1252.990646192141,0.0,0.8063709339174117
10000.0,15.0,33000.0,0.5,0.2385714285714286,69680.54869120053,283.33799999999997,133174.38571676065,302.29832308816515,0.683923179690693,127847.41028809022,1477.1428,19177.111543213534,1255.9982641662318,69680.54869120053,1255.9982641662318,0.0,0.8307897082266018
10000.0,15.0,35000.0,0.5,0.25,69680.54869120053,283.33799999999997,140536.07739605202,303.92921655537594,0.7654705886608619,134914.63430020993,1500.0,20237.19514503149,1258.4838104526439,69680.54869120053,1258.4838104526439,0.0,0.83898038214242
10000.0,15.0,20000.0,0.8,0.16428571428571428,69680.54869120053,283.33799999999997,85324.96105605297,289.1354069117675,0.26557001591332496,81911.96261381084,1328.5714,12286.794392071626,1263.4107905225185,69680.54869120053,1263.4107905225185,0.0,0.7410245232959017
10000.0,15.0,28000.0,0.8,0.21000000000000002,69680.54869120053,283.33799999999997,114770.75007955088,297.8357251707026,0.5001059641922607,110179.92007636884,1420.0,16526.988011455327,1255.0081769786773,69680.54869120053,1255.0081769786773,0.0,0.7986600419052732
10000.0,15.0,33000.0,0.8,0.2385714285714286,69680.54869120053,283.33799999999997,133174.38571676065,302.29832308816515,0.683923179690693,127847.41028809022,1477.1428,19177.111543213534,1258.6475818592037,69680.54869120053,1258.6475818592037,0.0,0.8240512452798735
10000.0,15.0,35000.0,0.8,0.25,69680.54869120053,283.33799999999997,140535.8524001648,303.92916789678645,0.765469363154619,134914.4183041582,1500.0,20237.16274562373,1261.3689246970457,69680.54869120053,1261.3689246970457,0.0,0.8325683893250558
10000.0,35.0,20000.0,0.0,0.16428571428571428,69680.54869120053,303.33799999999997,85324.95149330361,309.5446254256193,0.2566658024738295,81911.95343357147,1328.5714,12286.79301503572,1261.2508023880107,69680.54869120053,1261.2508023880107,0.0,0.752698240501918
10000.0,35.0,28000.0,0.0,0.21000000000000002,69680.54869120053,303.33799999999997,114770.72666684656,318.85907064649354,0.4833380317095351,110179.8976001727,1420.0,16526.984640025905,1249.6310964958475,69680.54869120053,1249.6310964958475,0.0,0.8066492429706797
10000.0,35.0,33000.0,0.0,0.2385714285714286,69680.54869120053,303.33799999999997,133174.353060689,323.636668856104,0.6609920633603888,127847.37893826143,1477.1428,19177.106840739216,1251.5878530936427,69680.54869120053,1251.5878530936427,0.0,0.8307094524320446
10000.0,35.0,35000.0,0.0,0.25,69680.54869120053,303.33799999999997,140536.03302075056,325.3826799808126,0.7398052372377792,134914.59169992054,1500.0,20237.18875498808,1253.6821710920212,69680.54869120053,1253.6821710920212,0.0,0.8388115314325132
10000.0,35.0,20000.0,0.2,0.16428571428571428,69680.54869120053,303.33799999999997,85324.95149330361,309.5446254256193,0.2566658024738295,81911.95343357147,1328.5714,12286.79301503572,1261.7906665785606,69680.54869120053,1261.7906665785606,0.0,0.7466170496945882
10000.0,35.0,28000.0,0.2,0.21000000000000002,69680.54869120053,303.33799999999997,114770.72666684656,318.85907064649354,0.4833380317095351,110179.8976001727,1420.0,16526.984640025905,1250.974501398351,69680.54869120053,1250.974501398351,0.0,0.8018947161584834
10000.0,35.0,33000.0,0.2,0.2385714285714286,69680.54869120053,303.33799999999997,133174.353060689,323.636668856104,0.6609920633603888,127847.37893826143,1477.1428,19177.106840739216,1253.351292122847,69680.54869120053,1253.351292122847,0.0,0.8265465701147999
10000.0,35.0,35000.0,0.2,0.25,69680.54869120053,303.33799999999997,140535.81556871755,325.3826296341698,0.7398040925331196,134914.38294596883,1500.0,20237.157441895324,1255.602461952914,69680.54869120053,1255.602461952914,0.0,0.8348481596184633
10000.0,35.0,20000.0,0.5,0.16428571428571428,69680.54869120053,303.33799999999997,85324.95149330361,309.5446254256193,0.2566658024738295,81911.95343357147,1328.5714,12286.79301503572,1262.6006398816091,69680.54869120053,1262.6006398816091,0.0,0.7369130218105511
10000.0,35.0,28000.0,0.5,0.21000000000000002,69680.54869120053,303.33799999999997,114770.72666684656,318.85907064649354,0.4833380317095351,110179.8976001727,1420.0,16526.984640025905,1252.990709972696,69680.54869120053,1252.990709972696,0.0,0.7943077052879572
10000.0,35.0,33000.0,0.5,0.2385714285714286,69680.54869120053,303.33799999999997,133174.353060689,323.636668856104,0.6609920633603888,127847.37893826143,1477.1428,19177.106840739216,1255.9983407883653,69680.54869120053,1255.9983407883653,0.0,0.8199036728000475
10000.0,35.0,35000.0,0.5,0.25,69680.54869120053,303.33799999999997,140535.81556871755,325.3826296341698,0.7398040925331196,134914.38294596883,1500.0,20237.157441895324,1258.4843931199925,69680.54869120053,1258.4843931199925,0.0,0.8285231955187448
10000.0,35.0,20000.0,0.8,0.16428571428571428,69680.54869120053,303.33799999999997,85324.95149330361,309.5446254256193,0.2566658024738295,81911.95343357147,1328.5714,12286.79301503572,1263.4108256053257,69680.54869120053,1263.4108256053257,0.0,0.7264361067499093
10000.0,35.0,28000.0,0.8,0.21000000000000002,69680.54869120053,303.33799999999997,114770.72666684656,318.85907064649354,0.4833380317095351,110179.8976001727,1420.0,16526.984640025905,1255.0082400117492,69680.54869120053,1255.0082400117492,0.0,0.7861164192153537
10000.0,35.0,33000.0,0.8,0.2385714285714286,69680.54869120053,303.33799999999997,133174.353060689,323.636668856104,0.6609920633603888,127847.37893826143,1477.1428,19177.106840739216,1258.647657599937,69680.54869120053,1258.647657599937,0.0,0.812731695168191
10000.0,35.0,35000.0,0.8,0.25,69680.54869120053,303.33799999999997,140535.81556871755,325.3826296341698,0.7398040925331196,134914.38294596883,1500.0,20237.157441895324,1261.3690057250228,69680.54869120053,1261.3690057250228,0.0,0.821694473216394
20000.0,-20.0,20000.0,0.0,0.16428571428571428,46561.72255092284,228.52599999999998,57015.621322218736,233.20190849078858,0.13203797633876788,54734.996469329984,1328.5714,8210.249470399498,1261.2505534193515,46561.72255092284,1261.2505534193515,0.0,0.8039235565666061
20000.0,-20.0,28000.0,0.0,0.21000000000000002,46561.72255092284,228.52599999999998,76691.77456484601,240.21913172122208,0.2486461339288316,73624.10358225217,1420.0,11043.615537337824,1249.6309652858906,46561.72255092284,1249.6309652858906,0.0,0.8499921661767269
20000.0,-20.0,33000.0,0.0,0.2385714285714286,46561.72255092284,228.52599999999998,88989.39008859044,243.818433799274,0.34003764081962284,85429.81448504682,1477.1428,12814.472172757023,1251.5877374941801,46561.72255092284,1251.5877374941801,0.0,0.8696129796441262
20000.0,-20.0,35000.0,0.0,0.25,46561.72255092284,228.52599999999998,93908.44511065257,245.1337895892601,0.3805813370362731,90152.10730622646,1500.0,13522.81609593397,1253.68255076574,46561.72255092284,1253.68255076574,0.0,0.8761237799905934
20000.0,-20.0,20000.0,0.2,0.16428571428571428,46561.72255092284,228.52599999999998,57015.621322218736,233.20190849078858,0.13203797633876788,54734.996469329984,1328.5714,8210.249470399498,1261.790419582978,46561.72255092284,1261.790419582978,0.0,0.7991020046788997
20000.0,-20.0,28000.0,0.2,0.21000000000000002,46561.72255092284,228.52599999999998,76691.77456484601,240.21913172122208,0.2486461339288316,73624.10358225217,1420.0,11043.615537337824,1250.9743711913723,46561.72255092284,1250.9743711913723,0.0,0.8463034489515645
20000.0,-20.0,33000.0,0.2,0.2385714285714286,46561.72255092284,228.52599999999998,88989.39008859044,243.818433799274,0.34003764081962284,85429.81448504682,1477.1428,12814.472172757023,1253.3511773902926,46561.72255092284,1253.3511773902926,0.0,0.8664067414386539
20000.0,-20.0,35000.0,0.2,0.25,46561.72255092284,228.52599999999998,93908.44511065257,245.1337895892601,0.3805813370362731,90152.10730622646,1500.0,13522.81609593397,1255.6023493673308,46561.72255092284,1255.6023493673308,0.0,0.8730776434329851
20000.0,-20.0,20000.0,0.5,0.16428571428571428,46561.72255092284,228.52599999999998,57015.621322218736,233.20190849078858,0.13203797633876788,54734.996469329984,1328.5714,8210.249470399498,1262.6003958469687,46561.72255092284,1262.6003958469687,0.0,0.7914080389006447
20000.0,-20.0,28000.0,0.5,0.21000000000000002,46561.72255092284,228.52599999999998,76691.77456484601,240.21913172122208,0.2486461339288316,73624.10358225217,1420.0,11043.615537337824,1252.9905812719373,46561.72255092284,1252.9905812719373,0.0,0.8404171980603478
20000.0,-20.0,33000.0,0.5,0.2385714285714286,46561.72255092284,228.52599999999998,88989.39008859044,243.818433799274,0.34003764081962284,85429.81448504682,1477.1428,12814.472172757023,1255.9982273581948,46561.72255092284,1255.9982273581948,0.0,0.8612904038767301
20000.0,-20.0,35000.0,0.5,0.25,46561.72255092284,228.52599999999998,93908.44511065257,245.1337895892601,0.3805813370362731,90152.10730622646,1500.0,13522.81609593397,1258.4842818034992,46561.72255092284,1258.4842818034992,0.0,0.8682167872240355
20000.0,-20.0,20000.0,0.8,0.16428571428571428,46561.72255092284,228.52599999999998,57015.621322218736,233.20190849078858,0.13203797633876788,54734.996469329984,1328.5714,8210.249470399498,1263.4105845332194,46561.72255092284,1263.4105845332194,0.0,0.7831012793878386
20000.0,-20.0,28000.0,0.8,0.21000000000000002,46561.72255092284,228.52599999999998,76691.70345559724,240.21910944789585,0.2486459033818637,73624.03531737335,1420.0,11043.605297606002,1255.0083993199491,46561.72255092284,1255.0083993199491,0.0,0.8340622985700703
20000.0,-20.0,33000.0,0.8,0.2385714285714286,46561.72255092284,228.52599999999998,88989.39008859044,243.818433799274,0.34003764081962284,85429.81448504682,1477.1428,12814.472172757023,1258.6475454745769,46561.72255092284,1258.6475454745769,0.0,0.8557665704027945
20000.0,-20.0,35000.0,0.8,0.25,46561.72255092284,228.52599999999998,93908.44511065257,245.1337895892601,0.3805813370362731,90152.10730622646,1500.0,13522.81609593397,1261.3688956802062,46561.72255092284,1261.3688956802062,0.0,0.8629687831754352
20000.0,0.0,20000.0,0.0,0.16428571428571428,46561.72255092284,248.52599999999998,57015.61399628961,253.61112855822256,0.1266137032040476,54734.98943643802,1328.5714,8210.248415465703,1261.2505949581716,46561.72255092284,1261.2505949581716,0.0,0.7897104363768912
20000.0,0.0,28000.0,0.0,0.21000000000000002,46561.72255092284,248.52599999999998,76691.68919305668,261.2424550571029,0.23843123102189212,73624.02162533441,1420.0,11043.603243800162,1249.631320115166,46561.72255092284,1249.631320115166,0.0,0.8381540713381056
20000.0,0.0,33000.0,0.0,0.2385714285714286,46561.72255092284,248.52599999999998,88989.36612060887,265.1567806129507,0.3260684618852654,85429.79147578451,1477.1428,12814.468721367677,1251.587823263399,46561.72255092284,1251.587823263399,0.0,0.8590434871278063
20000.0,0.0,35000.0,0.0,0.25,46561.72255092284,248.52599999999998,93908.41807814597,266.5872523815876,0.3649465660667528,90152.08135502013,1500.0,13522.81220325302,1253.682642502656,46561.72255092284,1253.682642502656,0.0,0.8660027803217563
20000.0,0.0,20000.0,0.2,0.16428571428571428,46561.72255092284,248.52599999999998,57015.61399628961,253.61112855822256,0.1266137032040476,54734.98943643802,1328.5714,8210.248415465703,1261.7904607926034,46561.72255092284,1261.7904607926034,0.0,0.7845393815337
20000.0,0.0,28000.0,0.2,0.21000000000000002,46561.72255092284,248.52599999999998,76691.68919305668,261.2424550571029,0.23843123102189212,73624.02162533441,1420.0,11043.603243800162,1250.9747233083078,46561.72255092284,1250.9747233083078,0.0,0.8341742534201902
20000.0,0.0,33000.0,0.2,0.2385714285714286,46561.72255092284,248.52599999999998,88989.36612060887,265.1567806129507,0.3260684618852654,85429.79147578451,1477.1428,12814.468721367677,1253.3512625163078,46561.72255092284,1253.3512625163078,0.0,0.855577343368654
20000.0,0.0,35000.0,0.2,0.25,46561.72255092284,248.52599999999998,93908.41807814597,266.5872523815876,0.3649465660667528,90152.08135502013,1500.0,13522.81220325302,1255.6024404211569,46561.72255092284,1255.6024404211569,0.0,0.8627077667231111
20000.0,0.0,20000.0,0.5,0.16428571428571428,46561.72255092284,248.52599999999998,57015.61399628961,253.61112855822256,0.1266137032040476,54734.98943643802,1328.5714,8210.248415465703,1262.60043656258,46561.72255092284,1262.60043656258,0.0,0.7762876982732885
20000.0,0.0,28000.0,0.5,0.21000000000000002,46561.72255092284,248.52599999999998,76691.68919305668,261.2424550571029,0.23843123102189212,73624.02162533441,1420.0,11043.603243800162,1252.990929315623,46561.72255092284,1252.990929315623,0.0,0.8278234801469209
20000.0,0.0,33000.0,0.5,0.2385714285714286,46561.72255092284,248.52599999999998,88989.36612060887,265.1567806129507,0.3260684618852654,85429.79147578451,1477.1428,12814.468721367677,1255.9983115179039,46561.72255092284,1255.9983115179039,0.0,0.8500462629019215
20000.0,0.0,35000.0,0.5,0.25,46561.72255092284,248.52599999999998,93908.41807814597,266.5872523815876,0.3649465660667528,90152.08135502013,1500.0,13522.81220325302,1258.4843718309464,46561.72255092284,1258.4843718309464,0.0,0.8574497662997409
20000.0,0.0,20000.0,0.8,0.16428571428571428,46561.72255092284,248.52599999999998,57015.57897166889,253.61111297891824,0.12661362542533436,54734.95581280213,1328.5714,8210.24337192032,1263.4108170492775,46561.72255092284,1263.4108170492775,0.0,0.7673789560366296
20000.0,0.0,28000.0,0.8,0.21000000000000002,46561.72255092284,248.52599999999998,76691.68919305668,261.2424550571029,0.23843123102189212,73624.02162533441,1420.0,11043.603243800162,1255.0084567840609,46561.72255092284,1255.0084567840609,0.0,0.8209668930731256
20000.0,0.0,33000.0,0.8,0.2385714285714286,46561.72255092284,248.52599999999998,88989.36612060887,265.1567806129507,0.3260684618852654,85429.79147578451,1477.1428,12814.468721367677,1258.6476286661798,46561.72255092284,1258.6476286661798,0.0,0.8440746539024405
20000.0,0.0,35000.0,0.8,0.25,46561.72255092284,248.52599999999998,93908.41807814597,266.5872523815876,0.3649465660667528,90152.08135502013,1500.0,13522.81220325302,1261.368984679182,46561.72255092284,1261.368984679182,0.0,0.851772987081589
20000.0,15.0,20000.0,0.0,0.16428571428571428,46561.72255092284,263.52599999999995,57015.60905822278,268.91804352703116,0.12295745420545984,54734.984695893865,1328.5714,8210.247704384079,1261.2506229575554,46561.72255092284,1261.2506229575554,0.0,0.7793057621765791
20000.0,15.0,28000.0,0.0,0.21000000000000002,46561.72255092284,263.52599999999995,76691.67957934429,277.00996414209993,0.23154599830377892,73624.01239617051,1420.0,11043.601859425577,1249.6313600725025,46561.72255092284,1249.6313600725025,0.0,0.8293975276024209
20000.0,15.0,33000.0,0.0,0.2385714285714286,46561.72255092284,263.52599999999995,88989.34996491298,281.16054054400865,0.3166524931209214,85429.77596631646,1477.1428,12814.466394947469,1251.5878810764366,46561.72255092284,1251.5878810764366,0.0,0.8511983394736978
20000.0,15.0,35000.0,0.0,0.25,46561.72255092284,263.52599999999995,93908.39985679724,282.677349283275,0.35440790004163236,90152.06386252535,1500.0,13522.809579378802,1253.682704338241,46561.72255092284,1253.682704338241,0.0,0.8584827712934249
20000.0,15.0,20000.0,0.2,0.16428571428571428,46561.72255092284,263.52599999999995,57015.575045014964,268.91802748446327,0.12295738085394375,54734.95204321436,1328.5714,8210.242806482154,1261.7906799004097,46561.72255092284,1261.7906799004097,0.0,0.7738790006421202
20000.0,15.0,28000.0,0.2,0.21000000000000002,46561.72255092284,263.52599999999995,76691.67957934429,277.00996414209993,0.23154599830377892,73624.01239617051,1420.0,11043.601859425577,1250.9747629602077,46561.72255092284,1250.9747629602077,0.0,0.8252023848385461
20000.0,15.0,33000.0,0.2,0.2385714285714286,46561.72255092284,263.52599999999995,88989.34996491298,281.16054054400865,0.3166524931209214,85429.77596631646,1477.1428,12814.466394947469,1253.3513198957917,46561.72255092284,1253.3513198957917,0.0,0.8475392822476412
20000.0,15.0,35000.0,0.2,0.25,46561.72255092284,263.52599999999995,93908.39985679724,282.677349283275,0.35440790004163236,90152.06386252535,1500.0,13522.809579378802,1255.6025017963022,46561.72255092284,1255.6025017963022,0.0,0.8550028394399845
20000.0,15.0,20000.0,0.5,0.16428571428571428,46561.72255092284,263.52599999999995,57015.575045014964,268.91802748446327,0.12295738085394375,54734.95204321436,1328.5714,8210.242806482154,1262.6006530437578,46561.72255092284,1262.6006530437578,0.0,0.7652190474752226
20000.0,15.0,28000.0,0.5,0.21000000000000002,46561.72255092284,263.52599999999995,76691.67957934429,277.00996414209993,0.23154599830377892,73624.01239617051,1420.0,11043.601859425577,1252.990968508834,46561.72255092284,1252.990968508834,0.0,0.8185080080876819
20000.0,15.0,33000.0,0.5,0.2385714285714286,46561.72255092284,263.52599999999995,88989.34996491298,281.16054054400865,0.3166524931209214,85429.77596631646,1477.1428,12814.466394947469,1255.9983682460456,46561.72255092284,1255.9983682460456,0.0,0.8417003611422317
20000.0,15.0,35000.0,0.5,0.25,46561.72255092284,263.52599999999995,93908.39985679724,282.677349283275,0.35440790004163236,90152.06386252535,1500.0,13522.809579378802,1258.4844325142574,46561.72255092284,1258.4844325142574,0.0,0.8494497566951328
20000.0,15.0,20000.0,0.8,0.16428571428571428,46561.72255092284,263.52599999999995,57015.575045014964,268.91802748446327,0.12295738085394375,54734.95204321436,1328.5714,8210.242806482154,1263.4108386076884,46561.72255092284,1263.4108386076884,0.0,0.7558693635251209
20000.0,15.0,28000.0,0.8,0.21000000000000002,46561.72255092284,263.52599999999995,76691.67957934429,277.00996414209993,0.23154599830377892,73624.01239617051,1420.0,11043.601859425577,1255.0084955179425,46561.72255092284,1255.0084955179425,0.0,0.8112804508876338
20000.0,15.0,33000.0,0.8,0.2385714285714286,46561.72255092284,263.52599999999995,88989.25760270351,281.16051136229095,0.3166521644664159,85429.68729859537,1477.1428,12814.453094789305,1258.6480053264745,46561.72255092284,1258.6480053264745,0.0,0.835396579819601
20000.0,15.0,35000.0,0.8,0.25,46561.72255092284,263.52599999999995,93908.39985679724,282.677349283275,0.35440790004163236,90152.06386252535,1500.0,13522.809579378802,1261.3690446692485,46561.72255092284,1261.3690446692485,0.0,0.8434543930237001
20000.0,35.0,20000.0,0.0,0.16428571428571428,46561.72255092284,283.52599999999995,57015.57030238182,289.3272467473476,0.11854134975522744,54734.94749028655,1328.5714,8210.242123542981,1261.2508427075552,46561.72255092284,1261.2508427075552,0.0,0.7657606051486671
20000.0,35.0,28000.0,0.0,0.21000000000000002,46561.72255092284,283.52599999999995,76691.66796785273,298.033309442812,0.22322997949094178,73624.00124913862,1420.0,11043.600187370792,1249.6314083331883,46561.72255092284,1249.6314083331883,0.0,0.8178814977083066
20000.0,35.0,33000.0,0.0,0.2385714285714286,46561.72255092284,283.52599999999995,88989.33045198102,302.4988869042119,0.30527983980155127,85429.75723390178,1477.1428,12814.463585085266,1251.5879509033362,46561.72255092284,1251.5879509033362,0.0,0.840845672545358
20000.0,35.0,35000.0,0.0,0.25,46561.72255092284,283.52599999999995,93908.37784895951,304.1308115883243,0.3416792477373826,90152.04273500113,1500.0,13522.806410250168,1253.6827790235955,46561.72255092284,1253.6827790235955,0.0,0.8485490394473147
20000.0,35.0,20000.0,0.2,0.16428571428571428,46561.72255092284,283.52599999999995,57015.57030238182,289.3272467473476,0.11854134975522744,54734.94749028655,1328.5714,8210.242123542981,1261.7907065785726,46561.72255092284,1261.7907065785726,0.0,0.760000620029372
20000.0,35.0,28000.0,0.2,0.21000000000000002,46561.72255092284,283.52599999999995,76691.66796785273,298.033309442812,0.22322997949094178,73624.00124913862,1420.0,11043.600187370792,1250.9748108519852,46561.72255092284,1250.9748108519852,0.0,0.8134031738814618
20000.0,35.0,33000.0,0.2,0.2385714285714286,46561.72255092284,283.52599999999995,88989.33045198102,302.4988869042119,0.30527983980155127,85429.75723390178,1477.1428,12814.463585085266,1253.3513891990426,46561.72255092284,1253.3513891990426,0.0,0.8369320415423751
20000.0,35.0,35000.0,0.2,0.25,46561.72255092284,283.52599999999995,93908.37784895951,304.1308115883243,0.3416792477373826,90152.04273500113,1500.0,13522.806410250168,1255.6025759255356,46561.72255092284,1255.6025759255356,0.0,0.8448248354992979
20000.0,35.0,20000.0,0.5,0.16428571428571428,46561.72255092284,283.52599999999995,57015.57030238182,289.3272467473476,0.11854134975522744,54734.94749028655,1328.5714,8210.242123542981,1262.6006794021073,46561.72255092284,1262.6006794021073,0.0,0.7508091544134755
20000.0,35.0,28000.0,0.5,0.21000000000000002,46561.72255092284,283.52599999999995,76691.66796785273,298.033309442812,0.22322997949094178,73624.00124913862,1420.0,11043.600187370792,1252.9910158466046,46561.72255092284,1252.9910158466046,0.0,0.8062569124556453
20000.0,35.0,33000.0,0.5,0.2385714285714286,46561.72255092284,283.52599999999995,88989.24140698335,302.4988566353868,0.3052795343304629,85429.67175070402,1477.1428,12814.450762605602,1255.9987494301897,46561.72255092284,1255.9987494301897,0.0,0.830687070636653
20000.0,35.0,35000.0,0.5,0.25,46561.72255092284,283.52599999999995,93908.37784895951,304.1308115883243,0.3416792477373826,90152.04273500113,1500.0,13522.806410250168,1258.4845058078895,46561.72255092284,1258.4845058078895,0.0,0.8388819568588455
20000.0,35.0,20000.0,0.8,0.16428571428571428,46561.72255092284,283.52599999999995,57015.57030238182,289.3272467473476,0.11854134975522744,54734.94749028655,1328.5714,8210.242123542981,1263.4108646460525,46561.72255092284,1263.4108646460525,0.0,0.7408856251644547
20000.0,35.0,28000.0,0.8,0.21000000000000002,46561.72255092284,283.52599999999995,76691.66796785273,298.033309442812,0.22322997949094178,73624.00124913862,1420.0,11043.600187370792,1255.0085423009325,46561.72255092284,1255.0085423009325,0.0,0.798541479765826
20000.0,35.0,33000.0,0.8,0.2385714285714286,46561.72255092284,283.52599999999995,88989.24140698335,302.4988566353868,0.3052795343304629,85429.67175070402,1477.1428,12814.450762605602,1258.64806154107,46561.72255092284,1258.64806154107,0.0,0.823944520352272
20000.0,35.0,35000.0,0.8,0.25,46561.72255092284,283.52599999999995,93908.27741873756,304.1307790630691,0.34167888232851223,90151.94632198806,1500.0,13522.791948298209,1261.3694477719187,46561.72255092284,1261.3694477719187,0.0,0.8324659473418443
35000.0,-20.0,20000.0,0.0,0.16428571428571428,23840.82777493851,198.808,29193.52933729464,202.87586451814903,0.03711372387461674,28025.788163802852,1328.5714,4203.868224570428,1261.2502192987788,23840.82777493851,1261.2502192987788,0.0,0.8257940559112846
35000.0,-20.0,28000.0,0.0,0.21000000000000002,23840.82777493851,198.808,39268.20669133084,208.98053186066136,0.06989031489898934,37697.4784236776,1420.0,5654.6217635516405,1249.630972977681,23840.82777493851,1249.630972977681,0.0,0.8679354025508467
35000.0,-20.0,33000.0,0.0,0.2385714285714286,23840.82777493851,198.808,45564.88756899565,212.1117629609748,0.09557891932870528,43742.29206623582,1477.1428,6561.343809935373,1251.5878980775392,23840.82777493851,1251.5878980775392,0.0,0.8855535033024149
35000.0,-20.0,35000.0,0.0,0.25,23840.82777493851,198.808,48083.560491905475,213.25606197708325,0.1069750560409859,46160.218072229254,1500.0,6924.032710834388,1253.682787569353,23840.82777493851,1253.682787569353,0.0,0.8913653003844668
35000.0,-20.0,20000.0,0.2,0.16428571428571428,23840.82777493851,198.808,29193.52933729464,202.87586451814903,0.03711372387461674,28025.788163802852,1328.5714,4203.868224570428,1261.7900881103114,23840.82777493851,1261.7900881103114,0.0,0.8215103031877918
35000.0,-20.0,28000.0,0.2,0.21000000000000002,23840.82777493851,198.808,39268.20669133084,208.98053186066136,0.06989031489898934,37697.4784236776,1420.0,5654.6217635516405,1250.9743788243659,23840.82777493851,1250.9743788243659,0.0,0.864687912449638
35000.0,-20.0,33000.0,0.2,0.2385714285714286,23840.82777493851,198.808,45564.88756899565,212.1117629609748,0.09557891932870528,43742.29206623582,1477.1428,6561.343809935373,1253.3513367693986,23840.82777493851,1253.3513367693986,0.0,0.8827392451869005
35000.0,-20.0,35000.0,0.2,0.25,23840.82777493851,198.808,48083.560491905475,213.25606197708325,0.1069750560409859,46160.218072229254,1500.0,6924.032710834388,1255.6025844076598,23840.82777493851,1255.6025844076598,0.0,0.8886939553119537
35000.0,-20.0,20000.0,0.5,0.16428571428571428,23840.82777493851,198.808,29193.52933729464,202.87586451814903,0.03711372387461674,28025.788163802852,1328.5714,4203.868224570428,1262.600068347941,23840.82777493851,1262.600068347941,0.0,0.8146745275651966
35000.0,-20.0,28000.0,0.5,0.21000000000000002,23840.82777493851,198.808,39268.20669133084,208.98053186066136,0.06989031489898934,37697.4784236776,1420.0,5654.6217635516405,1252.9905888166336,23840.82777493851,1252.9905888166336,0.0,0.8595057473945179
35000.0,-20.0,33000.0,0.5,0.2385714285714286,23840.82777493851,198.808,45564.88756899565,212.1117629609748,0.09557891932870528,43742.29206623582,1477.1428,6561.343809935373,1255.9983849281125,23840.82777493851,1255.9983849281125,0.0,0.8782484077685265
35000.0,-20.0,35000.0,0.5,0.25,23840.82777493851,198.808,48083.560491905475,213.25606197708325,0.1069750560409859,46160.218072229254,1500.0,6924.032710834388,1258.4845141944013,23840.82777493851,1258.4845141944013,0.0,0.8844311706217732
35000.0,-20.0,20000.0,0.8,0.16428571428571428,23840.82777493851,198.808,29193.52933729464,202.87586451814903,0.03711372387461674,28025.788163802852,1328.5714,4203.868224570428,1263.4102610099674,23840.82777493851,1263.4102610099674,0.0,0.8072943096363768
35000.0,-20.0,28000.0,0.8,0.21000000000000002,23840.82777493851,198.808,39268.20669133084,208.98053186066136,0.06989031489898934,37697.4784236776,1420.0,5654.6217635516405,1255.0081202755891,23840.82777493851,1255.0081202755891,0.0,0.8539108435296977
35000.0,-20.0,33000.0,0.8,0.2385714285714286,23840.82777493851,198.808,45564.88756899565,212.1117629609748,0.09557891932870528,43742.29206623582,1477.1428,6561.343809935373,1258.6477012319353,23840.82777493851,1258.6477012319353,0.0,0.8733998930336448
35000.0,-20.0,35000.0,0.8,0.25,23840.82777493851,198.808,48083.560491905475,213.25606197708325,0.1069750560409859,46160.218072229254,1500.0,6924.032710834388,1261.3691254162807,23840.82777493851,1261.3691254162807,0.0,0.8798288721067111
35000.0,0.0,20000.0,0.0,0.16428571428571428,23840.82777493851,218.808,29193.526991576684,223.28508815944951,0.035376905029434184,28025.785911913616,1328.5714,4203.867886787042,1261.2502452749034,23840.82777493851,1261.2502452749034,0.0,0.8109743239961182
35000.0,0.0,28000.0,0.0,0.21000000000000002,23840.82777493851,218.808,39268.20118918915,230.0038810040852,0.0666196395342988,37697.47314162159,1420.0,5654.620971243238,1249.63101764031,23840.82777493851,1249.63101764031,0.0,0.8558128087942937
35000.0,0.0,33000.0,0.0,0.2385714285714286,23840.82777493851,218.808,45564.87989460387,233.45011190828444,0.09110608555341254,43742.28469881972,1477.1428,6561.342704822958,1251.587951712988,23840.82777493851,1251.587951712988,0.0,0.8747945038315407
35000.0,0.0,35000.0,0.0,0.25,23840.82777493851,218.808,48083.55183627455,234.7095266242099,0.10196891308124571,46160.209762823564,1500.0,6924.031464423534,1253.682844936683,23840.82777493851,1253.682844936683,0.0,0.8810810969082487
35000.0,0.0,20000.0,0.2,0.16428571428571428,23840.82777493851,218.808,29193.526991576684,223.28508815944951,0.035376905029434184,28025.785911913616,1328.5714,4203.867886787042,1261.7901138805753,23840.82777493851,1261.7901138805753,0.0,0.806326151635367
35000.0,0.0,28000.0,0.2,0.21000000000000002,23840.82777493851,218.808,39268.20118918915,230.0038810040852,0.0666196395342988,37697.47314162159,1420.0,5654.620971243238,1250.974423145591,23840.82777493851,1250.974423145591,0.0,0.8522672221253009
35000.0,0.0,33000.0,0.2,0.2385714285714286,23840.82777493851,218.808,45564.87989460387,233.45011190828444,0.09110608555341254,43742.28469881972,1477.1428,6561.342704822958,1253.3513900026226,23840.82777493851,1253.3513900026226,0.0,0.871715680155267
35000.0,0.0,35000.0,0.2,0.25,23840.82777493851,218.808,48083.55183627455,234.7095266242099,0.10196891308124571,46160.209762823564,1500.0,6924.031464423534,1255.602641347822,23840.82777493851,1255.602641347822,0.0,0.8781568615863203
35000.0,0.0,20000.0,0.5,0.16428571428571428,23840.82777493851,218.808,29193.526991576684,223.28508815944951,0.035376905029434184,28025.785911913616,1328.5714,4203.867886787042,1262.6000938092752,23840.82777493851,1262.6000938092752,0.0,0.7989088553150193
35000.0,0.0,28000.0,0.5,0.21000000000000002,23840.82777493851,218.808,39268.20118918915,230.0038810040852,0.0666196395342988,37697.47314162159,1420.0,5654.620971243238,1252.9906326251553,23840.82777493851,1252.9906326251553,0.0,0.8466093710577592
35000.0,0.0,33000.0,0.5,0.2385714285714286,23840.82777493851,218.808,45564.87989460387,233.45011190828444,0.09110608555341254,43742.28469881972,1477.1428,6561.342704822958,1255.9984375570607,23840.82777493851,1255.9984375570607,0.0,0.8668026636505751
35000.0,0.0,35000.0,0.5,0.25,23840.82777493851,218.808,48083.55183627455,234.7095266242099,0.10196891308124571,46160.209762823564,1500.0,6924.031464423534,1258.4845704927213,23840.82777493851,1258.4845704927213,0.0,0.8734905286257963
35000.0,0.0,20000.0,0.8,0.16428571428571428,23840.82777493851,218.808,29193.526991576684,223.28508815944951,0.035376905029434184,28025.785911913616,1328.5714,4203.867886787042,1263.410286162206,23840.82777493851,1263.410286162206,0.0,0.7909008008806617
35000.0,0.0,28000.0,0.8,0.21000000000000002,23840.82777493851,218.808,39268.20118918915,230.0038810040852,0.0666196395342988,37697.47314162159,1420.0,5654.620971243238,1255.0081635706917,23840.82777493851,1255.0081635706917,0.0,0.8405008946839532
35000.0,0.0,33000.0,0.8,0.2385714285714286,23840.82777493851,218.808,45564.87989460387,233.45011190828444,0.09110608555341254,43742.28469881972,1477.1428,6561.342704822958,1258.647753255482,23840.82777493851,1258.647753255482,0.0,0.8614983449463945
35000.0,0.0,35000.0,0.8,0.25,23840.82777493851,218.808,48083.55183627455,234.7095266242099,0.10196891308124571,46160.209762823564,1500.0,6924.031464423534,1261.36918107145,23840.82777493851,1261.36918107145,0.0,0.8684525408277087
35000.0,15.0,20000.0,0.0,0.16428571428571428,23840.82777493851,233.808,29193.525433521187,238.59200583965185,0.034223288069318715,28025.784416180337,1328.5714,4203.86766242705,1261.2502625285754,23840.82777493851,1261.2502625285754,0.0,0.8001311008174878
35000.0,15.0,28000.0,0.0,0.21000000000000002,23840.82777493851,233.808,39268.1975345973,245.77139277044986,0.06444721593277791,37697.469633213404,1420.0,5654.620444982011,1249.6310473057954,23840.82777493851,1249.6310473057954,0.0,0.8468474164213217
35000.0,15.0,33000.0,0.0,0.2385714285714286,23840.82777493851,233.808,45564.87479717626,249.45387350749306,0.08813517336879864,43742.2798052892,1477.1428,6561.34197079338,1251.5879873383342,23840.82777493851,1251.5879873383342,0.0,0.8668094343835194
35000.0,15.0,35000.0,0.0,0.25,23840.82777493851,233.808,48083.54608709556,250.79962498998623,0.09864377031162627,46160.20424361173,1500.0,6924.03063654176,1253.682883040793,23840.82777493851,1253.682883040793,0.0,0.8734403986443787
35000.0,15.0,20000.0,0.2,0.16428571428571428,23840.82777493851,233.808,29193.525433521187,238.59200583965185,0.034223288069318715,28025.784416180337,1328.5714,4203.86766242705,1261.7901309975118,23840.82777493851,1261.7901309975118,0.0,0.7952162918211965
35000.0,15.0,28000.0,0.2,0.21000000000000002,23840.82777493851,233.808,39268.1975345973,245.77139277044986,0.06444721593277791,37697.469633213404,1420.0,5654.620444982011,1250.9744525843114,23840.82777493851,1250.9744525843114,0.0,0.843081369284141
35000.0,15.0,33000.0,0.2,0.2385714285714286,23840.82777493851,233.808,45564.87479717626,249.45387350749306,0.08813517336879864,43742.2798052892,1477.1428,6561.34197079338,1253.351425360806,23840.82777493851,1253.351425360806,0.0,0.8635342565404912
35000.0,15.0,35000.0,0.2,0.25,23840.82777493851,233.808,48083.54608709556,250.79962498998623,0.09864377031162627,46160.20424361173,1500.0,6924.03063654176,1255.6026791682013,23840.82777493851,1255.6026791682013,0.0,0.8703282772995683
35000.0,15.0,20000.0,0.5,0.16428571428571428,23840.82777493851,233.808,29193.525433521187,238.59200583965185,0.034223288069318715,28025.784416180337,1328.5714,4203.86766242705,1262.6001107210168,23840.82777493851,1262.6001107210168,0.0,0.7873735115079658
35000.0,15.0,28000.0,0.5,0.21000000000000002,23840.82777493851,233.808,39268.17910364254,245.7713812349003,0.06444718568372314,37697.45193949684,1420.0,5654.617790924525,1252.9908084722408,23840.82777493851,1252.9908084722408,0.0,0.8370718030054587
35000.0,15.0,33000.0,0.5,0.2385714285714286,23840.82777493851,233.808,45564.87479717626,249.45387350749306,0.08813517336879864,43742.2798052892,1477.1428,6561.34197079338,1255.9984725138765,23840.82777493851,1255.9984725138765,0.0,0.8583079089186376
35000.0,15.0,35000.0,0.5,0.25,23840.82777493851,233.808,48083.54608709556,250.79962498998623,0.09864377031162627,46160.20424361173,1500.0,6924.03063654176,1258.484607886781,23840.82777493851,1258.484607886781,0.0,0.8653621262174241
35000.0,15.0,20000.0,0.8,0.16428571428571428,23840.82777493851,233.808,29193.525433521187,238.59200583965185,0.034223288069318715,28025.784416180337,1328.5714,4203.86766242705,1263.410302868642,23840.82777493851,1263.410302868642,0.0,0.7789060849750972
35000.0,15.0,28000.0,0.8,0.21000000000000002,23840.82777493851,233.808,39268.17910364254,245.7713812349003,0.06444718568372314,37697.45193949684,1420.0,5654.617790924525,1255.008337356917,23840.82777493851,1255.008337356917,0.0,0.8305835119747026
35000.0,15.0,33000.0,0.8,0.2385714285714286,23840.82777493851,233.808,45564.87479717626,249.45387350749306,0.08813517336879864,43742.2798052892,1477.1428,6561.34197079338,1258.6477878101823,23840.82777493851,1258.6477878101823,0.0,0.8526653035215923
35000.0,15.0,35000.0,0.8,0.25,23840.82777493851,233.808,48083.54608709556,250.79962498998623,0.09864377031162627,46160.20424361173,1500.0,6924.03063654176,1261.3692180383207,23840.82777493851,1261.3692180383207,0.0,0.860000440978295
35000.0,35.0,20000.0,0.0,0.16428571428571428,23840.82777493851,253.808,29193.523575039442,259.00122935332723,0.03284722927903144,28025.782632037863,1328.5714,4203.867394805679,1261.2502831091235,23840.82777493851,1261.2502831091235,0.0,0.7860218591513716
35000.0,35.0,28000.0,0.0,0.21000000000000002,23840.82777493851,253.808,39268.17548544509,266.79472966581756,0.0618558752885405,37697.44846602729,1420.0,5654.617269904093,1249.6312262858576,23840.82777493851,1249.6312262858576,0.0,0.8350587164157748
35000.0,35.0,33000.0,0.0,0.2385714285714286,23840.82777493851,253.808,45564.86871685646,270.7922221751011,0.08459140665159848,43742.2739681822,1477.1428,6561.34109522733,1251.5880298330103,23840.82777493851,1251.5880298330103,0.0,0.856273086136361
35000.0,35.0,35000.0,0.0,0.25,23840.82777493851,253.808,48083.53922935293,272.25308933656055,0.09467746993462929,46160.19766017881,1500.0,6924.029649026822,1253.682928492191,23840.82777493851,1253.682928492191,0.0,0.8633479882399956
35000.0,35.0,20000.0,0.2,0.16428571428571428,23840.82777493851,253.808,29193.523575039442,259.00122935332723,0.03284722927903144,28025.782632037863,1328.5714,4203.867394805679,1261.790151414959,23840.82777493851,1261.790151414959,0.0,0.78076010158952
35000.0,35.0,28000.0,0.2,0.21000000000000002,23840.82777493851,253.808,39268.17548544509,266.79472966581756,0.0618558752885405,37697.44846602729,1420.0,5654.617269904093,1250.9746301962373,23840.82777493851,1250.9746301962373,0.0,0.831002783212884
35000.0,35.0,33000.0,0.2,0.2385714285714286,23840.82777493851,253.808,45564.86871685646,270.7922221751011,0.08459140665159848,43742.2739681822,1477.1428,6561.34109522733,1253.3514675368042,23840.82777493851,1253.3514675368042,0.0,0.852738817762665
35000.0,35.0,35000.0,0.2,0.25,23840.82777493851,253.808,48083.53922935293,272.25308933656055,0.09467746993462929,46160.19766017881,1500.0,6924.029649026822,1255.6027242811597,23840.82777493851,1255.6027242811597,0.0,0.8599876928688479
35000.0,35.0,20000.0,0.5,0.16428571428571428,23840.82777493851,253.808,29193.514488659835,259.00122129200565,0.032847219055430296,28025.773909113443,1328.5714,4203.866086367017,1262.6002295208384,23840.82777493851,1262.6002295208384,0.0,0.7723637566462704
35000.0,35.0,28000.0,0.5,0.21000000000000002,23840.82777493851,253.808,39268.17548544509,266.79472966581756,0.0618558752885405,37697.44846602729,1420.0,5654.617269904093,1252.9908372806626,23840.82777493851,1252.9908372806626,0.0,0.8245305493784838
35000.0,35.0,33000.0,0.5,0.2385714285714286,23840.82777493851,253.808,45564.86871685646,270.7922221751011,0.08459140665159848,43742.2739681822,1477.1428,6561.34109522733,1255.9985142111148,23840.82777493851,1255.9985142111148,0.0,0.8470990278046394
35000.0,35.0,35000.0,0.5,0.25,23840.82777493851,253.808,48083.53922935293,272.25308933656055,0.09467746993462929,46160.19766017881,1500.0,6924.029649026822,1258.4846524912161,23840.82777493851,1258.4846524912161,0.0,0.8546255194042506
35000.0,35.0,20000.0,0.8,0.16428571428571428,23840.82777493851,253.808,29193.514488659835,259.00122129200565,0.032847219055430296,28025.773909113443,1328.5714,4203.866086367017,1263.4104202262567,23840.82777493851,1263.4104202262567,0.0,0.7632985965127148
35000.0,35.0,28000.0,0.8,0.21000000000000002,23840.82777493851,253.808,39268.17548544509,266.79472966581756,0.0618558752885405,37697.44846602729,1420.0,5654.617269904093,1255.0083658277151,23840.82777493851,1255.0083658277151,0.0,0.8175428278935561
35000.0,35.0,33000.0,0.8,0.2385714285714286,23840.82777493851,253.808,45564.86871685646,270.7922221751011,0.08459140665159848,43742.2739681822,1477.1428,6561.34109522733,1258.6478290277687,23840.82777493851,1258.6478290277687,0.0,0.8410100510357976
35000.0,35.0,35000.0,0.8,0.25,23840.82777493851,253.808,48083.53922935293,272.25308933656055,0.09467746993462929,46160.19766017881,1500.0,6924.029649026822,1261.369262133196,23840.82777493851,1261.369262133196,0.0,0.8488362701769863
45000.0,-20.0,20000.0,0.0,0.16428571428571428,14746.672950121287,196.65,18057.61622653867,200.67375985949974,0.014277448344971458,17335.31157747712,1328.5714,2600.296736621568,1261.2494014632532,14746.672950121287,1261.2494014632532,0.0,0.8274180264733436
45000.0,-20.0,28000.0,0.0,0.21000000000000002,14746.672950121287,196.65,24289.279006955538,206.71215198406261,0.02688641141922727,23317.707846677316,1420.0,3497.6561770015974,1249.6303585832902,14746.672950121287,1249.6303585832902,0.0,0.8692548568693103
45000.0,-20.0,33000.0,0.0,0.2385714285714286,14746.672950121287,196.65,28184.07184017011,209.80938927458325,0.03676866468176552,27056.708966563303,1477.1428,4058.506344984495,1251.587373083038,14746.672950121287,1251.587373083038,0.0,0.8867219504626501
45000.0,-20.0,35000.0,0.0,0.25,14746.672950121287,196.65,29741.991219546006,210.94126688202553,0.04115269303257404,28552.311570764163,1500.0,4282.846735614624,1253.6822709396567,14746.672950121287,1253.6822709396567,0.0,0.892481443231294
45000.0,-20.0,20000.0,0.2,0.16428571428571428,14746.672950121287,196.65,18057.61622653867,200.67375985949974,0.014277448344971458,17335.31157747712,1328.5714,2600.296736621568,1261.7892767561311,14746.672950121287,1261.7892767561311,0.0,0.8231742074521963
45000.0,-20.0,28000.0,0.2,0.21000000000000002,14746.672950121287,196.65,24289.279006955538,206.71215198406261,0.02688641141922727,23317.707846677316,1420.0,3497.6561770015974,1250.9737691264484,14746.672950121287,1250.9737691264484,0.0,0.8660398123660965
45000.0,-20.0,33000.0,0.2,0.2385714285714286,14746.672950121287,196.65,28184.07184017011,209.80938927458325,0.03676866468176552,27056.708966563303,1477.1428,4058.506344984495,1253.350815711956,14746.672950121287,1253.350815711956,0.0,0.8839364246543546
45000.0,-20.0,35000.0,0.2,0.25,14746.672950121287,196.65,29741.991219546006,210.94126688202553,0.04115269303257404,28552.311570764163,1500.0,4282.846735614624,1255.602071624885,14746.672950121287,1255.602071624885,0.0,0.8898375442943586
45000.0,-20.0,20000.0,0.5,0.16428571428571428,14746.672950121287,196.65,18057.61622653867,200.67375985949974,0.014277448344971458,17335.31157747712,1328.5714,2600.296736621568,1262.5992667201376,14746.672950121287,1262.5992667201376,0.0,0.8164021558227059
45000.0,-20.0,28000.0,0.5,0.21000000000000002,14746.672950121287,196.65,24289.279006955538,206.71215198406261,0.02688641141922727,23317.707846677316,1420.0,3497.6561770015974,1252.9899861716335,14746.672950121287,1252.9899861716335,0.0,0.8609094222013939
45000.0,-20.0,33000.0,0.5,0.2385714285714286,14746.672950121287,196.65,28184.07184017011,209.80938927458325,0.03676866468176552,27056.708966563303,1477.1428,4058.506344984495,1255.9978697854408,14746.672950121287,1255.9978697854408,0.0,0.8794914366623937
45000.0,-20.0,35000.0,0.5,0.25,14746.672950121287,196.65,29741.991219546006,210.94126688202553,0.04115269303257404,28552.311570764163,1500.0,4282.846735614624,1258.484007191828,14746.672950121287,1258.484007191828,0.0,0.8856185566290361
45000.0,-20.0,20000.0,0.8,0.16428571428571428,14746.672950121287,196.65,18057.61622653867,200.67375985949974,0.014277448344971458,17335.31157747712,1328.5714,2600.296736621568,1263.4094691137705,14746.672950121287,1263.4094691137705,0.0,0.8090907372492739
45000.0,-20.0,28000.0,0.8,0.21000000000000002,14746.672950121287,196.65,24289.279006955538,206.71215198406261,0.02688641141922727,23317.707846677316,1420.0,3497.6561770015974,1255.007524693356,14746.672950121287,1255.007524693356,0.0,0.8553704168908299
45000.0,-20.0,33000.0,0.8,0.2385714285714286,14746.672950121287,196.65,28184.07184017011,209.80938927458325,0.03676866468176552,27056.708966563303,1477.1428,4058.506344984495,1258.6471920150552,14746.672950121287,1258.6471920150552,0.0,0.8746924230781528
45000.0,-20.0,35000.0,0.8,0.25,14746.672950121287,196.65,29741.991219546006,210.94126688202553,0.04115269303257404,28552.311570764163,1500.0,4282.846735614624,1261.3686242056913,14746.672950121287,1261.3686242056913,0.0,0.8810635433974491
45000.0,0.0,20000.0,0.0,0.16428571428571428,14746.672950121287,216.65,18057.615314943207,221.0829893418897,0.013602483558230613,17335.31070234548,1328.5714,2600.2966053518217,1261.2494177834956,14746.672950121287,1261.2494177834956,0.0,0.8125526957027909
45000.0,0.0,28000.0,0.0,0.21000000000000002,14746.672950121287,216.65,24289.276868708643,227.73550639766373,0.02561535847937955,23317.705793960296,1420.0,3497.655869094044,1249.6303866438654,14746.672950121287,1249.6303866438654,0.0,0.8571111851301557
45000.0,0.0,33000.0,0.0,0.2385714285714286,14746.672950121287,216.65,28184.06885774227,231.14774322569633,0.03503042851437775,27056.706103432578,1477.1428,4058.5059155148865,1251.587406781048,14746.672950121287,1251.587406781048,0.0,0.8759489646234399
45000.0,0.0,35000.0,0.0,0.25,14746.672950121287,216.65,29741.98785578835,232.39473660375515,0.039207201989380755,28552.308341556814,1500.0,4282.846251233522,1253.6823069823286,14746.672950121287,1253.6823069823286,0.0,0.8821852088873458
45000.0,0.0,20000.0,0.2,0.16428571428571428,14746.672950121287,216.65,18057.615314943207,221.0829893418897,0.013602483558230613,17335.31070234548,1328.5714,2600.2966053518217,1261.7892929470358,14746.672950121287,1261.7892929470358,0.0,0.8079433357610563
45000.0,0.0,28000.0,0.2,0.21000000000000002,14746.672950121287,216.65,24289.276868708643,227.73550639766373,0.02561535847937955,23317.705793960296,1420.0,3497.655869094044,1250.9737969725265,14746.672950121287,1250.9737969725265,0.0,0.8535975257481104
45000.0,0.0,33000.0,0.2,0.2385714285714286,14746.672950121287,216.65,28184.06885774227,231.14774322569633,0.03503042851437775,27056.706103432578,1477.1428,4058.5059155148865,1253.3508491572566,14746.672950121287,1253.3508491572566,0.0,0.872898529327295
45000.0,0.0,35000.0,0.2,0.25,14746.672950121287,216.65,29741.98785578835,232.39473660375515,0.039207201989380755,28552.308341556814,1500.0,4282.846251233522,1255.6021073991767,14746.672950121287,1255.6021073991767,0.0,0.8792881238599853
45000.0,0.0,20000.0,0.5,0.16428571428571428,14746.672950121287,216.65,18057.615314943207,221.0829893418897,0.013602483558230613,17335.31070234548,1328.5714,2600.2966053518217,1262.599282716948,14746.672950121287,1262.599282716948,0.0,0.8005879741519052
45000.0,0.0,28000.0,0.5,0.21000000000000002,14746.672950121287,216.65,24289.276868708643,227.73550639766373,0.02561535847937955,23317.705793960296,1420.0,3497.655869094044,1252.9900136955914,14746.672950121287,1252.9900136955914,0.0,0.8479906224788891
45000.0,0.0,33000.0,0.5,0.2385714285714286,14746.672950121287,216.65,28184.06885774227,231.14774322569633,0.03503042851437775,27056.706103432578,1477.1428,4058.5059155148865,1255.997902851088,14746.672950121287,1255.997902851088,0.0,0.8680308134291913
45000.0,0.0,35000.0,0.5,0.25,14746.672950121287,216.65,29741.98785578835,232.39473660375515,0.039207201989380755,28552.308341556814,1500.0,4282.846251233522,1258.4840425628636,14746.672950121287,1258.4840425628636,0.0,0.8746651158376019
45000.0,0.0,20000.0,0.8,0.16428571428571428,14746.672950121287,216.65,18057.615314943207,221.0829893418897,0.013602483558230613,17335.31070234548,1328.5714,2600.2966053518217,1263.4094849163828,14746.672950121287,1263.4094849163828,0.0,0.7926467872818483
45000.0,0.0,28000.0,0.8,0.21000000000000002,14746.672950121287,216.65,24289.276868708643,227.73550639766373,0.02561535847937955,23317.705793960296,1420.0,3497.655869094044,1255.0075518947435,14746.672950121287,1255.0075518947435,0.0,0.8419371516926502
45000.0,0.0,33000.0,0.8,0.2385714285714286,14746.672950121287,216.65,28184.06885774227,231.14774322569633,0.03503042851437775,27056.706103432578,1477.1428,4058.5059155148865,1258.6472247003412,14746.672950121287,1258.6472247003412,0.0,0.8627754033445131
45000.0,0.0,35000.0,0.8,0.25,14746.672950121287,216.65,29741.98785578835,232.39473660375515,0.039207201989380755,28552.308341556814,1500.0,4282.846251233522,1261.3686591726491,14746.672950121287,1261.3686591726491,0.0,0.8696739036364444
45000.0,15.0,20000.0,0.0,0.16428571428571428,14746.672950121287,231.65,18057.61471019285,236.38991142180123,0.013154713472683387,17335.310121785136,1328.5714,2600.2965182677704,1261.2494286103074,14746.672950121287,1261.2494286103074,0.0,0.8016765198977183
45000.0,15.0,28000.0,0.0,0.21000000000000002,14746.672950121287,231.65,24289.27545020057,243.50302215059727,0.024772144930474173,23317.704432192546,1420.0,3497.655664828882,1249.630405259188,14746.672950121287,1249.630405259188,0.0,0.8481303130019637
45000.0,15.0,33000.0,0.0,0.2385714285714286,14746.672950121287,231.65,28184.06687920652,247.15150861916146,0.033877286731769006,27056.70420403826,1477.1428,4058.5056306057386,1251.5874291362325,14746.672950121287,1251.5874291362325,0.0,0.8679535688582143
45000.0,15.0,35000.0,0.0,0.25,14746.672950121287,231.65,29741.985624279292,248.48483881997416,0.03791656782242502,28552.30619930812,1500.0,4282.845929896218,1253.6823308929568,14746.672950121287,1253.6823308929568,0.0,0.8745356140399717
45000.0,15.0,20000.0,0.2,0.16428571428571428,14746.672950121287,231.65,18057.61471019285,236.38991142180123,0.013154713472683387,17335.310121785136,1328.5714,2600.2965182677704,1261.7893036880453,14746.672950121287,1261.7893036880453,0.0,0.7967997130099572
45000.0,15.0,28000.0,0.2,0.21000000000000002,14746.672950121287,231.65,24289.27545020057,243.50302215059727,0.024772144930474173,23317.704432192546,1420.0,3497.655664828882,1250.9738154455524,14746.672950121287,1250.9738154455524,0.0,0.844395812502012
45000.0,15.0,33000.0,0.2,0.2385714285714286,14746.672950121287,231.65,28184.06687920652,247.15150861916146,0.033877286731769006,27056.70420403826,1477.1428,4058.5056306057386,1253.350871344794,14746.672950121287,1253.350871344794,0.0,0.8647065254694818
45000.0,15.0,35000.0,0.2,0.25,14746.672950121287,231.65,29741.985624279292,248.48483881997416,0.03791656782242502,28552.30619930812,1500.0,4282.845929896218,1255.6021311317613,14746.672950121287,1255.6021311317613,0.0,0.8714504242212825
45000.0,15.0,20000.0,0.5,0.16428571428571428,14746.672950121287,231.65,18057.61471019285,236.38991142180123,0.013154713472683387,17335.310121785136,1328.5714,2600.2965182677704,1262.5992933291964,14746.672950121287,1262.5992933291964,0.0,0.7890175743592748
45000.0,15.0,28000.0,0.5,0.21000000000000002,14746.672950121287,231.65,24289.27545020057,243.50302215059727,0.024772144930474173,23317.704432192546,1420.0,3497.655664828882,1252.9900319549233,14746.672950121287,1252.9900319549233,0.0,0.8384365031935784
45000.0,15.0,33000.0,0.5,0.2385714285714286,14746.672950121287,231.65,28184.06687920652,247.15150861916146,0.033877286731769006,27056.70420403826,1477.1428,4058.5056306057386,1255.997924786764,14746.672950121287,1255.997924786764,0.0,0.8595250732534194
45000.0,15.0,35000.0,0.5,0.25,14746.672950121287,231.65,29741.985624279292,248.48483881997416,0.03791656782242502,28552.30619930812,1500.0,4282.845929896218,1258.4840660279297,14746.672950121287,1258.4840660279297,0.0,0.8665272489786934
45000.0,15.0,20000.0,0.8,0.16428571428571428,14746.672950121287,231.65,18057.61471019285,236.38991142180123,0.013154713472683387,17335.310121785136,1328.5714,2600.2965182677704,1263.4094953998006,14746.672950121287,1263.4094953998006,0.0,0.7806156193558831
45000.0,15.0,28000.0,0.8,0.21000000000000002,14746.672950121287,231.65,24289.268365745982,243.50301504834204,0.02477213770516,23317.69763111614,1420.0,3497.654644667421,1255.00766006394,14746.672950121287,1255.00766006394,0.0,0.8320026120784989
45000.0,15.0,33000.0,0.8,0.2385714285714286,14746.672950121287,231.65,28184.06687920652,247.15150861916146,0.033877286731769006,27056.70420403826,1477.1428,4058.5056306057386,1258.6472463836872,14746.672950121287,1258.6472463836872,0.0,0.8539309390024494
45000.0,15.0,35000.0,0.8,0.25,14746.672950121287,231.65,29741.985624279292,248.48483881997416,0.03791656782242502,28552.30619930812,1500.0,4282.845929896218,1261.3686823696507,14746.672950121287,1261.3686823696507,0.0,0.861211962433597
45000.0,35.0,20000.0,0.0,0.16428571428571428,14746.672950121287,251.65,18057.61398957681,256.7991408240987,0.012621153966289008,17335.309429993737,1328.5714,2600.2964144990606,1261.2494415114572,14746.672950121287,1261.2494415114572,0.0,0.7875249200070416
45000.0,35.0,28000.0,0.0,0.21000000000000002,14746.672950121287,251.65,24289.266962810274,264.5263690178259,0.02376737132765308,23317.69628429786,1420.0,3497.654442644679,1249.630516640683,14746.672950121287,1249.630516640683,0.0,0.8363213679644079
45000.0,35.0,33000.0,0.0,0.2385714285714286,14746.672950121287,251.65,28184.064521598033,268.4898623947448,0.032503211645603484,27056.70194073411,1477.1428,4058.5052911101166,1251.5874557745067,14746.672950121287,1251.5874557745067,0.0,0.8574036654454487
45000.0,35.0,35000.0,0.0,0.25,14746.672950121287,251.65,29741.982965229716,269.938308353089,0.036378657856884794,28552.303646620527,1500.0,4282.845546993079,1253.6823593846857,14746.672950121287,1253.6823593846857,0.0,0.8644315070206945
45000.0,35.0,20000.0,0.2,0.16428571428571428,14746.672950121287,251.65,18057.61398957681,256.7991408240987,0.012621153966289008,17335.309429993737,1328.5714,2600.2964144990606,1261.7893164869533,14746.672950121287,1261.7893164869533,0.0,0.7823001229580344
45000.0,35.0,28000.0,0.2,0.21000000000000002,14746.672950121287,251.65,24289.266962810274,264.5263690178259,0.02376737132765308,23317.69628429786,1420.0,3497.654442644679,1250.9739259756398,14746.672950121287,1250.9739259756398,0.0,0.8322964835700901
45000.0,35.0,33000.0,0.2,0.2385714285714286,14746.672950121287,251.65,28184.064521598033,268.4898623947448,0.032503211645603484,27056.70194073411,1477.1428,4058.5052911101166,1253.3508977833014,14746.672950121287,1253.3508977833014,0.0,0.8538971982023039
45000.0,35.0,35000.0,0.2,0.25,14746.672950121287,251.65,29741.982965229716,269.938308353089,0.036378657856884794,28552.303646620527,1500.0,4282.845546993079,1255.6021594113358,14746.672950121287,1255.6021594113358,0.0,0.8610978555539902
45000.0,35.0,20000.0,0.5,0.16428571428571428,14746.672950121287,251.65,18057.610498250448,256.79913585904796,0.012621151526060853,17335.306078320427,1328.5714,2600.295911748064,1262.5993672409945,14746.672950121287,1262.5993672409945,0.0,0.7739627281734227
45000.0,35.0,28000.0,0.5,0.21000000000000002,14746.672950121287,251.65,24289.266962810274,264.5263690178259,0.02376737132765308,23317.69628429786,1420.0,3497.654442644679,1252.9901412064112,14746.672950121287,1252.9901412064112,0.0,0.825873795706817
45000.0,35.0,33000.0,0.5,0.2385714285714286,14746.672950121287,251.65,28184.064521598033,268.4898623947448,0.032503211645603484,27056.70194073411,1477.1428,4058.5052911101166,1255.9979509251555,14746.672950121287,1255.9979509251555,0.0,0.8483017717504773
45000.0,35.0,35000.0,0.5,0.25,14746.672950121287,251.65,29741.982965229716,269.938308353089,0.036378657856884794,28552.303646620527,1500.0,4282.845546993079,1258.4840939887304,14746.672950121287,1258.4840939887304,0.0,0.8557781989581856
45000.0,35.0,20000.0,0.8,0.16428571428571428,14746.672950121287,251.65,18057.610498250448,256.79913585904796,0.012621151526060853,17335.306078320427,1328.5714,2600.295911748064,1263.4095684143238,14746.672950121287,1263.4095684143238,0.0,0.764961243897143
45000.0,35.0,28000.0,0.8,0.21000000000000002,14746.672950121287,251.65,24289.266962810274,264.5263690178259,0.02376737132765308,23317.69628429786,1420.0,3497.654442644679,1255.007677911186,14746.672950121287,1255.007677911186,0.0,0.8189395663323097
45000.0,35.0,33000.0,0.8,0.2385714285714286,14746.672950121287,251.65,28184.064521598033,268.4898623947448,0.032503211645603484,27056.70194073411,1477.1428,4058.5052911101166,1258.6472722214032,14746.672950121287,1258.6472722214032,0.0,0.8422606918644343
45000.0,35.0,35000.0,0.8,0.25,14746.672950121287,251.65,29741.982965229716,269.938308353089,0.036378657856884794,28552.303646620527,1500.0,4282.845546993079,1261.3687100110283,14746.672950121287,1261.3687100110283,0.0,0.8500348528989983
